,START,STOP,PATIENT,ENCOUNTER,CODE,DESCRIPTION
0,1995-03-11,,ab6d8296-d3c7-4fef-9215-40b156db67ac,9d87c22d-a777-426b-b020-cfa469229f82,425525006,Allergy to dairy product
1,1995-03-11,,ab6d8296-d3c7-4fef-9215-40b156db67ac,9d87c22d-a777-426b-b020-cfa469229f82,419263009,Allergy to tree pollen
2,1995-03-11,,ab6d8296-d3c7-4fef-9215-40b156db67ac,9d87c22d-a777-426b-b020-cfa469229f82,418689008,Allergy to grass pollen
3,1995-03-11,,ab6d8296-d3c7-4fef-9215-40b156db67ac,9d87c22d-a777-426b-b020-cfa469229f82,232347008,Dander (animal) allergy
4,1995-03-11,,ab6d8296-d3c7-4fef-9215-40b156db67ac,9d87c22d-a777-426b-b020-cfa469229f82,232350006,House dust mite allergy
5,1995-03-11,,ab6d8296-d3c7-4fef-9215-40b156db67ac,9d87c22d-a777-426b-b020-cfa469229f82,419474003,Allergy to mould
6,1995-03-11,,ab6d8296-d3c7-4fef-9215-40b156db67ac,9d87c22d-a777-426b-b020-cfa469229f82,424213003,Allergy to bee venom
7,1958-06-15,,629b8fc9-0eb7-4576-b296-088e9b271941,baddd467-ebd9-4ebc-bed4-31303ba21553,300913006,Shellfish allergy
8,2012-11-14,,10fd692e-fdef-4aa6-b010-8a95005b59f1,ff93f6e3-f381-42e0-8183-c23dcd24bfe5,417532002,Allergy to fish
9,2012-11-14,,10fd692e-fdef-4aa6-b010-8a95005b59f1,ff93f6e3-f381-42e0-8183-c23dcd24bfe5,419474003,Allergy to mould
10,1931-02-05,,5f615f2b-efb7-4032-8c88-dea2dc2eacbb,adfcd316-7421-4e5c-a3c5-515b5c16d35b,232347008,Dander (animal) allergy
11,2011-11-04,,9fb519d6-fd96-4dc2-8444-803c6677c7e3,b44d5fca-05e1-44e7-9a54-a555fb5d5d6c,418689008,Allergy to grass pollen
12,2011-11-04,,9fb519d6-fd96-4dc2-8444-803c6677c7e3,b44d5fca-05e1-44e7-9a54-a555fb5d5d6c,232347008,Dander (animal) allergy
13,2011-11-04,,9fb519d6-fd96-4dc2-8444-803c6677c7e3,b44d5fca-05e1-44e7-9a54-a555fb5d5d6c,232350006,House dust mite allergy
14,2011-11-04,,9fb519d6-fd96-4dc2-8444-803c6677c7e3,b44d5fca-05e1-44e7-9a54-a555fb5d5d6c,419474003,Allergy to mould
15,1920-03-13,,4d90611b-cb87-433c-81e4-a35ac74b909d,69000199-d09f-458b-a459-004e70328192,420174000,Allergy to wheat
16,1998-01-10,,2ff59946-e6d0-492e-8704-a98296eedd4c,4c9d4a1d-a970-46c6-ac61-71ca03a5786b,418689008,Allergy to grass pollen
17,1998-01-10,2014-12-22,2ff59946-e6d0-492e-8704-a98296eedd4c,4c9d4a1d-a970-46c6-ac61-71ca03a5786b,232347008,Dander (animal) allergy
18,1998-01-10,2014-12-22,2ff59946-e6d0-492e-8704-a98296eedd4c,4c9d4a1d-a970-46c6-ac61-71ca03a5786b,232350006,House dust mite allergy
19,1998-01-10,2014-12-22,2ff59946-e6d0-492e-8704-a98296eedd4c,4c9d4a1d-a970-46c6-ac61-71ca03a5786b,419474003,Allergy to mould
20,1998-01-10,,2ff59946-e6d0-492e-8704-a98296eedd4c,4c9d4a1d-a970-46c6-ac61-71ca03a5786b,424213003,Allergy to bee venom
21,1988-01-08,,1d0e18c5-b47c-4196-b1d4-93b141098ae1,273d3878-e990-4093-a261-9593886ba01c,91935009,Allergy to peanuts
22,1988-01-08,,1d0e18c5-b47c-4196-b1d4-93b141098ae1,273d3878-e990-4093-a261-9593886ba01c,91934008,Allergy to nut
23,1988-01-08,,1d0e18c5-b47c-4196-b1d4-93b141098ae1,273d3878-e990-4093-a261-9593886ba01c,417532002,Allergy to fish
24,1988-01-08,,1d0e18c5-b47c-4196-b1d4-93b141098ae1,273d3878-e990-4093-a261-9593886ba01c,300913006,Shellfish allergy
25,1988-01-08,,1d0e18c5-b47c-4196-b1d4-93b141098ae1,273d3878-e990-4093-a261-9593886ba01c,419263009,Allergy to tree pollen
26,1988-01-08,,1d0e18c5-b47c-4196-b1d4-93b141098ae1,273d3878-e990-4093-a261-9593886ba01c,418689008,Allergy to grass pollen
27,1988-01-08,,1d0e18c5-b47c-4196-b1d4-93b141098ae1,273d3878-e990-4093-a261-9593886ba01c,232347008,Dander (animal) allergy
28,1988-01-08,,1d0e18c5-b47c-4196-b1d4-93b141098ae1,273d3878-e990-4093-a261-9593886ba01c,232350006,House dust mite allergy
29,1988-01-08,,1d0e18c5-b47c-4196-b1d4-93b141098ae1,273d3878-e990-4093-a261-9593886ba01c,419474003,Allergy to mould
30,2008-08-24,,68d88ef1-f857-4d6e-acd9-8c44072c86f3,ed82094b-abbc-459a-8cbb-07a466f385ed,425525006,Allergy to dairy product
31,2008-08-24,,68d88ef1-f857-4d6e-acd9-8c44072c86f3,ed82094b-abbc-459a-8cbb-07a466f385ed,419263009,Allergy to tree pollen
32,2008-08-24,,68d88ef1-f857-4d6e-acd9-8c44072c86f3,ed82094b-abbc-459a-8cbb-07a466f385ed,418689008,Allergy to grass pollen
33,2008-08-24,,68d88ef1-f857-4d6e-acd9-8c44072c86f3,ed82094b-abbc-459a-8cbb-07a466f385ed,232347008,Dander (animal) allergy
34,2008-08-24,,68d88ef1-f857-4d6e-acd9-8c44072c86f3,ed82094b-abbc-459a-8cbb-07a466f385ed,232350006,House dust mite allergy
35,2008-08-24,,68d88ef1-f857-4d6e-acd9-8c44072c86f3,ed82094b-abbc-459a-8cbb-07a466f385ed,419474003,Allergy to mould
36,2008-08-24,,68d88ef1-f857-4d6e-acd9-8c44072c86f3,ed82094b-abbc-459a-8cbb-07a466f385ed,424213003,Allergy to bee venom
37,1961-12-07,,d3167a7a-9259-46f5-9a4c-4a8822dbcd1c,0f67780a-2a08-46c6-8a4a-c585fb33a80a,91934008,Allergy to nut
38,1961-12-07,,d3167a7a-9259-46f5-9a4c-4a8822dbcd1c,0f67780a-2a08-46c6-8a4a-c585fb33a80a,425525006,Allergy to dairy product
39,1961-12-07,,d3167a7a-9259-46f5-9a4c-4a8822dbcd1c,0f67780a-2a08-46c6-8a4a-c585fb33a80a,418689008,Allergy to grass pollen
40,1961-12-07,,d3167a7a-9259-46f5-9a4c-4a8822dbcd1c,0f67780a-2a08-46c6-8a4a-c585fb33a80a,232347008,Dander (animal) allergy
41,1961-12-07,,d3167a7a-9259-46f5-9a4c-4a8822dbcd1c,0f67780a-2a08-46c6-8a4a-c585fb33a80a,232350006,House dust mite allergy
42,1961-12-07,,d3167a7a-9259-46f5-9a4c-4a8822dbcd1c,0f67780a-2a08-46c6-8a4a-c585fb33a80a,419474003,Allergy to mould
43,1970-12-23,,405a3d5e-925c-4a1a-9a4b-14d4d214d03a,33969ac9-1221-4401-a5ba-1fb26f9ab1d8,425525006,Allergy to dairy product
44,1970-12-23,,405a3d5e-925c-4a1a-9a4b-14d4d214d03a,33969ac9-1221-4401-a5ba-1fb26f9ab1d8,419263009,Allergy to tree pollen
45,1970-12-23,,405a3d5e-925c-4a1a-9a4b-14d4d214d03a,33969ac9-1221-4401-a5ba-1fb26f9ab1d8,418689008,Allergy to grass pollen
46,1970-12-23,,405a3d5e-925c-4a1a-9a4b-14d4d214d03a,33969ac9-1221-4401-a5ba-1fb26f9ab1d8,232347008,Dander (animal) allergy
47,1970-12-23,,405a3d5e-925c-4a1a-9a4b-14d4d214d03a,33969ac9-1221-4401-a5ba-1fb26f9ab1d8,232350006,House dust mite allergy
48,1970-12-23,,405a3d5e-925c-4a1a-9a4b-14d4d214d03a,33969ac9-1221-4401-a5ba-1fb26f9ab1d8,419474003,Allergy to mould
49,1998-08-06,,bbbe2391-f249-4114-a510-3088189a1f8e,f47ebde4-dbec-41fd-aacc-4318ef98fd08,91930004,Allergy to eggs
50,2012-07-15,,39b7c59e-4476-4c97-8995-38e30a4f4dbc,785b62b7-2521-4d6a-a828-678b62003065,420174000,Allergy to wheat
51,2012-07-15,,39b7c59e-4476-4c97-8995-38e30a4f4dbc,785b62b7-2521-4d6a-a828-678b62003065,232347008,Dander (animal) allergy
52,1993-01-01,2010-04-21,7bc35eeb-a9d8-4b3f-8392-3cf1209a2ea0,958406a7-1adf-4768-956d-86b85419b5b2,91930004,Allergy to eggs
53,1993-01-01,,7bc35eeb-a9d8-4b3f-8392-3cf1209a2ea0,958406a7-1adf-4768-956d-86b85419b5b2,419263009,Allergy to tree pollen
54,2017-08-03,,d8cdeee4-acc1-466c-9e40-21e6f074810a,2596fa98-7d6c-4abd-a7f4-f7268074ab12,91934008,Allergy to nut
55,2017-08-03,,d8cdeee4-acc1-466c-9e40-21e6f074810a,2596fa98-7d6c-4abd-a7f4-f7268074ab12,420174000,Allergy to wheat
56,2017-08-03,,d8cdeee4-acc1-466c-9e40-21e6f074810a,2596fa98-7d6c-4abd-a7f4-f7268074ab12,419263009,Allergy to tree pollen
57,2017-08-03,,d8cdeee4-acc1-466c-9e40-21e6f074810a,2596fa98-7d6c-4abd-a7f4-f7268074ab12,418689008,Allergy to grass pollen
58,2017-08-03,,d8cdeee4-acc1-466c-9e40-21e6f074810a,2596fa98-7d6c-4abd-a7f4-f7268074ab12,232347008,Dander (animal) allergy
59,2017-08-03,,d8cdeee4-acc1-466c-9e40-21e6f074810a,2596fa98-7d6c-4abd-a7f4-f7268074ab12,232350006,House dust mite allergy
60,2017-08-03,,d8cdeee4-acc1-466c-9e40-21e6f074810a,2596fa98-7d6c-4abd-a7f4-f7268074ab12,419474003,Allergy to mould
61,1983-02-04,,6036aaf8-8007-4182-b005-11935ae65e3c,04df7d80-9347-4a28-ae7a-0542d8a8d385,419263009,Allergy to tree pollen
62,1983-02-04,,6036aaf8-8007-4182-b005-11935ae65e3c,04df7d80-9347-4a28-ae7a-0542d8a8d385,418689008,Allergy to grass pollen
63,1983-02-04,,6036aaf8-8007-4182-b005-11935ae65e3c,04df7d80-9347-4a28-ae7a-0542d8a8d385,232347008,Dander (animal) allergy
64,1983-02-04,,6036aaf8-8007-4182-b005-11935ae65e3c,04df7d80-9347-4a28-ae7a-0542d8a8d385,232350006,House dust mite allergy
65,1983-02-04,,6036aaf8-8007-4182-b005-11935ae65e3c,04df7d80-9347-4a28-ae7a-0542d8a8d385,419474003,Allergy to mould
66,1983-02-04,,6036aaf8-8007-4182-b005-11935ae65e3c,04df7d80-9347-4a28-ae7a-0542d8a8d385,424213003,Allergy to bee venom
67,1986-01-11,,2297617f-c6ce-4f63-9445-72527391a02d,7f6f8a32-cb00-4f98-99b2-845d25137d7f,91934008,Allergy to nut
68,2015-08-14,,0d3c7df1-38e8-4566-8b58-6a2735857ee2,9da6f29d-ab7a-445e-b87e-93bdebdc7237,232347008,Dander (animal) allergy
69,2015-08-14,,0d3c7df1-38e8-4566-8b58-6a2735857ee2,9da6f29d-ab7a-445e-b87e-93bdebdc7237,232350006,House dust mite allergy
70,2015-08-14,,0d3c7df1-38e8-4566-8b58-6a2735857ee2,9da6f29d-ab7a-445e-b87e-93bdebdc7237,419474003,Allergy to mould
71,1970-10-19,,31387087-3601-4bd9-92a1-4cc0bdc7fe58,eecf2c1f-35bb-4f73-935d-1ef965161060,417532002,Allergy to fish
72,1970-10-19,,31387087-3601-4bd9-92a1-4cc0bdc7fe58,eecf2c1f-35bb-4f73-935d-1ef965161060,419263009,Allergy to tree pollen
73,1970-10-19,,31387087-3601-4bd9-92a1-4cc0bdc7fe58,eecf2c1f-35bb-4f73-935d-1ef965161060,418689008,Allergy to grass pollen
74,1970-10-19,,31387087-3601-4bd9-92a1-4cc0bdc7fe58,eecf2c1f-35bb-4f73-935d-1ef965161060,232347008,Dander (animal) allergy
75,1970-10-19,,31387087-3601-4bd9-92a1-4cc0bdc7fe58,eecf2c1f-35bb-4f73-935d-1ef965161060,232350006,House dust mite allergy
76,1970-10-19,,31387087-3601-4bd9-92a1-4cc0bdc7fe58,eecf2c1f-35bb-4f73-935d-1ef965161060,419474003,Allergy to mould
77,1989-03-06,,0318fe27-553c-468b-99fd-3272b0407f33,11a4e019-76f6-4d3c-b51f-c81d81f8786b,419263009,Allergy to tree pollen
78,1989-03-06,,0318fe27-553c-468b-99fd-3272b0407f33,11a4e019-76f6-4d3c-b51f-c81d81f8786b,418689008,Allergy to grass pollen
79,1989-03-06,,0318fe27-553c-468b-99fd-3272b0407f33,11a4e019-76f6-4d3c-b51f-c81d81f8786b,232347008,Dander (animal) allergy
80,1989-03-06,,0318fe27-553c-468b-99fd-3272b0407f33,11a4e019-76f6-4d3c-b51f-c81d81f8786b,232350006,House dust mite allergy
81,1989-03-06,,0318fe27-553c-468b-99fd-3272b0407f33,11a4e019-76f6-4d3c-b51f-c81d81f8786b,419474003,Allergy to mould
82,2013-10-19,,70d83feb-28fe-4241-84db-20fc48a30b55,9e1fcb5c-5784-4243-99fe-1dff4c841228,91935009,Allergy to peanuts
83,2013-10-19,,70d83feb-28fe-4241-84db-20fc48a30b55,9e1fcb5c-5784-4243-99fe-1dff4c841228,419263009,Allergy to tree pollen
84,2013-10-19,,70d83feb-28fe-4241-84db-20fc48a30b55,9e1fcb5c-5784-4243-99fe-1dff4c841228,232347008,Dander (animal) allergy
85,2013-10-19,,70d83feb-28fe-4241-84db-20fc48a30b55,9e1fcb5c-5784-4243-99fe-1dff4c841228,232350006,House dust mite allergy
86,2013-10-19,,70d83feb-28fe-4241-84db-20fc48a30b55,9e1fcb5c-5784-4243-99fe-1dff4c841228,419474003,Allergy to mould
87,2012-06-06,,fa1e7bd9-93a9-4f27-8e39-0a81e2d318dd,5c3ef0ff-516a-45ea-8f39-65068a48dcf4,420174000,Allergy to wheat
88,2012-06-06,,fa1e7bd9-93a9-4f27-8e39-0a81e2d318dd,5c3ef0ff-516a-45ea-8f39-65068a48dcf4,232347008,Dander (animal) allergy
89,1972-07-21,,7f8a31f9-ea5e-4169-bd4f-326e582df4ed,a7947147-b95b-49e2-9f35-76438d4e0dc7,300916003,Latex allergy
90,1923-09-23,,01347a8e-3a92-4f1e-99c9-5d6df0db2331,84714823-ee2b-42ba-b79b-6043270cfdc7,300913006,Shellfish allergy
91,1994-01-18,,f436e3f6-b2ef-4352-aef9-1b1563412b77,3eb63417-6bdd-4def-ab86-884f8d610fd8,91934008,Allergy to nut
92,1994-01-18,,f436e3f6-b2ef-4352-aef9-1b1563412b77,3eb63417-6bdd-4def-ab86-884f8d610fd8,417532002,Allergy to fish
93,1994-01-18,,f436e3f6-b2ef-4352-aef9-1b1563412b77,3eb63417-6bdd-4def-ab86-884f8d610fd8,300913006,Shellfish allergy
94,1994-01-18,2011-10-15,f436e3f6-b2ef-4352-aef9-1b1563412b77,3eb63417-6bdd-4def-ab86-884f8d610fd8,425525006,Allergy to dairy product
95,1994-01-18,2010-03-17,f436e3f6-b2ef-4352-aef9-1b1563412b77,3eb63417-6bdd-4def-ab86-884f8d610fd8,419263009,Allergy to tree pollen
96,1994-01-18,2010-03-17,f436e3f6-b2ef-4352-aef9-1b1563412b77,3eb63417-6bdd-4def-ab86-884f8d610fd8,418689008,Allergy to grass pollen
97,1994-01-18,,f436e3f6-b2ef-4352-aef9-1b1563412b77,3eb63417-6bdd-4def-ab86-884f8d610fd8,232347008,Dander (animal) allergy
98,1994-01-18,2010-03-17,f436e3f6-b2ef-4352-aef9-1b1563412b77,3eb63417-6bdd-4def-ab86-884f8d610fd8,419474003,Allergy to mould
99,2016-06-29,,c7c72b89-0345-43c7-bd8b-1800e2adae66,287759d8-0892-4a49-b33a-00f0cf2ebe58,419474003,Allergy to mould
100,1977-04-12,,f4d0cbdb-7965-47fc-abb9-428f8a11234b,2a99a442-106d-47c6-a581-721e00adb557,91934008,Allergy to nut
101,1978-12-29,,49d27eb9-1181-4d79-9771-32f79018def7,72b44e0b-5e93-4f80-92fe-5eab4df788d6,417532002,Allergy to fish
102,1978-12-29,,49d27eb9-1181-4d79-9771-32f79018def7,72b44e0b-5e93-4f80-92fe-5eab4df788d6,232350006,House dust mite allergy
103,1978-12-29,,49d27eb9-1181-4d79-9771-32f79018def7,72b44e0b-5e93-4f80-92fe-5eab4df788d6,419474003,Allergy to mould
104,1988-07-09,,ee7bc529-f806-4510-b5dc-016a4eb8fe36,18d007aa-be97-4c3e-bf3b-023d8a44a2b8,420174000,Allergy to wheat
105,1999-10-12,,25abea9d-7908-4cad-87c4-fe44c72e9c77,e2214f9d-0343-4000-b619-65597fca5604,300913006,Shellfish allergy
106,1999-10-12,,25abea9d-7908-4cad-87c4-fe44c72e9c77,e2214f9d-0343-4000-b619-65597fca5604,91930004,Allergy to eggs
107,1999-10-12,,25abea9d-7908-4cad-87c4-fe44c72e9c77,e2214f9d-0343-4000-b619-65597fca5604,418689008,Allergy to grass pollen
108,1999-10-12,,25abea9d-7908-4cad-87c4-fe44c72e9c77,e2214f9d-0343-4000-b619-65597fca5604,232347008,Dander (animal) allergy
109,1999-10-12,,25abea9d-7908-4cad-87c4-fe44c72e9c77,e2214f9d-0343-4000-b619-65597fca5604,232350006,House dust mite allergy
110,1999-10-12,,25abea9d-7908-4cad-87c4-fe44c72e9c77,e2214f9d-0343-4000-b619-65597fca5604,419474003,Allergy to mould
111,1999-10-12,,25abea9d-7908-4cad-87c4-fe44c72e9c77,e2214f9d-0343-4000-b619-65597fca5604,424213003,Allergy to bee venom
112,1972-10-19,,cda9a70b-87da-4fd1-87f9-9563be88e492,a668a74d-bc39-48da-ba0d-158887ade097,232347008,Dander (animal) allergy
113,1972-10-19,,cda9a70b-87da-4fd1-87f9-9563be88e492,a668a74d-bc39-48da-ba0d-158887ade097,232350006,House dust mite allergy
114,2000-04-03,,fc5f5d8a-ae4c-4657-a1de-824519739a0d,4f018df1-d41b-4a43-9d8e-7261b6967591,419263009,Allergy to tree pollen
115,1959-08-02,,baa2a6e5-4cf2-41b0-89eb-63ed56a84441,160545a2-6044-4c54-a058-e8918623abc5,419474003,Allergy to mould
116,1963-03-14,,239f2aeb-5c0d-4884-9e68-a6a2d6307b9a,dfff332b-1fa5-4017-bfbe-0dca02393e76,91930004,Allergy to eggs
117,2008-12-14,,dc27adaa-4991-46a3-bf98-c200c98bdb6e,c1febe21-13b3-47bd-9aae-ae6afadb2fc0,420174000,Allergy to wheat
118,2008-12-14,,dc27adaa-4991-46a3-bf98-c200c98bdb6e,c1febe21-13b3-47bd-9aae-ae6afadb2fc0,300916003,Latex allergy
119,2003-07-20,,c351d66d-d63b-4138-b9ba-692f4032784f,0b690852-1765-43f2-b9be-75a8f5e75467,419474003,Allergy to mould
120,1962-06-30,,304ef151-bcfb-4f05-94f3-a7598efac77e,961482c8-dab8-4355-9358-91737f288349,419474003,Allergy to mould
121,1970-11-20,,e82d0b7f-34be-44d3-8e13-4419cef18372,b604a2c4-3ff6-419e-97ac-009deea7d2ff,91935009,Allergy to peanuts
122,1970-11-20,,e82d0b7f-34be-44d3-8e13-4419cef18372,b604a2c4-3ff6-419e-97ac-009deea7d2ff,91930004,Allergy to eggs
123,1970-11-20,,e82d0b7f-34be-44d3-8e13-4419cef18372,b604a2c4-3ff6-419e-97ac-009deea7d2ff,419263009,Allergy to tree pollen
124,1970-11-20,,e82d0b7f-34be-44d3-8e13-4419cef18372,b604a2c4-3ff6-419e-97ac-009deea7d2ff,418689008,Allergy to grass pollen
125,1970-11-20,,e82d0b7f-34be-44d3-8e13-4419cef18372,b604a2c4-3ff6-419e-97ac-009deea7d2ff,232347008,Dander (animal) allergy
126,1970-11-20,,e82d0b7f-34be-44d3-8e13-4419cef18372,b604a2c4-3ff6-419e-97ac-009deea7d2ff,232350006,House dust mite allergy
127,1970-11-20,,e82d0b7f-34be-44d3-8e13-4419cef18372,b604a2c4-3ff6-419e-97ac-009deea7d2ff,419474003,Allergy to mould
128,1970-11-20,,e82d0b7f-34be-44d3-8e13-4419cef18372,b604a2c4-3ff6-419e-97ac-009deea7d2ff,424213003,Allergy to bee venom
129,1987-10-14,,d042ea87-a825-406d-b927-91de058ebfea,aae7d53c-e570-413f-b2e7-9250be482767,91935009,Allergy to peanuts
130,1987-10-14,,d042ea87-a825-406d-b927-91de058ebfea,aae7d53c-e570-413f-b2e7-9250be482767,425525006,Allergy to dairy product
131,2015-09-26,,ae7c8f51-9928-46a5-97d0-0e49e8282670,1509777f-c0aa-43a9-b41f-1eed912d17be,91935009,Allergy to peanuts
132,2015-09-26,,ae7c8f51-9928-46a5-97d0-0e49e8282670,1509777f-c0aa-43a9-b41f-1eed912d17be,419263009,Allergy to tree pollen
133,2015-09-26,,ae7c8f51-9928-46a5-97d0-0e49e8282670,1509777f-c0aa-43a9-b41f-1eed912d17be,418689008,Allergy to grass pollen
134,2015-09-26,,ae7c8f51-9928-46a5-97d0-0e49e8282670,1509777f-c0aa-43a9-b41f-1eed912d17be,232347008,Dander (animal) allergy
135,2015-09-26,,ae7c8f51-9928-46a5-97d0-0e49e8282670,1509777f-c0aa-43a9-b41f-1eed912d17be,232350006,House dust mite allergy
136,2015-09-26,,ae7c8f51-9928-46a5-97d0-0e49e8282670,1509777f-c0aa-43a9-b41f-1eed912d17be,419474003,Allergy to mould
137,2015-11-21,,ea120e37-582a-4ccf-99ce-a09b8fd6ef5f,a6c8f84f-b76a-4213-9985-f0a52e7aba2c,425525006,Allergy to dairy product
138,2015-11-21,,ea120e37-582a-4ccf-99ce-a09b8fd6ef5f,a6c8f84f-b76a-4213-9985-f0a52e7aba2c,419263009,Allergy to tree pollen
139,2015-11-21,,ea120e37-582a-4ccf-99ce-a09b8fd6ef5f,a6c8f84f-b76a-4213-9985-f0a52e7aba2c,418689008,Allergy to grass pollen
140,2015-11-21,,ea120e37-582a-4ccf-99ce-a09b8fd6ef5f,a6c8f84f-b76a-4213-9985-f0a52e7aba2c,232347008,Dander (animal) allergy
141,2015-11-21,,ea120e37-582a-4ccf-99ce-a09b8fd6ef5f,a6c8f84f-b76a-4213-9985-f0a52e7aba2c,232350006,House dust mite allergy
142,2015-11-21,,ea120e37-582a-4ccf-99ce-a09b8fd6ef5f,a6c8f84f-b76a-4213-9985-f0a52e7aba2c,419474003,Allergy to mould
143,2015-11-21,,ea120e37-582a-4ccf-99ce-a09b8fd6ef5f,a6c8f84f-b76a-4213-9985-f0a52e7aba2c,424213003,Allergy to bee venom
144,1926-06-14,,cdbe1927-b954-4f37-9294-ac0ca277d147,7438bb0e-089b-42e3-a9e7-c85cc3892c89,714035009,Allergy to soya
145,1991-10-08,,25779628-2a16-4698-811f-eb0eddb46d8b,e48eb9cc-fdf6-435b-92e4-04b41c122c8d,417532002,Allergy to fish
146,1991-10-08,2008-05-26,25779628-2a16-4698-811f-eb0eddb46d8b,e48eb9cc-fdf6-435b-92e4-04b41c122c8d,714035009,Allergy to soya
147,1991-10-08,,25779628-2a16-4698-811f-eb0eddb46d8b,e48eb9cc-fdf6-435b-92e4-04b41c122c8d,419474003,Allergy to mould
148,1934-10-14,,e18078c4-b4c9-4e7e-8ed0-e40e255d8fc7,ad3a15af-6e7f-49ed-9814-b0609765e153,300913006,Shellfish allergy
149,2016-06-06,,dcaeb448-6a7d-4c64-9d43-0a9390d26013,a637ec29-749d-4853-a0eb-6368db662f40,91934008,Allergy to nut
150,2016-06-06,,dcaeb448-6a7d-4c64-9d43-0a9390d26013,a637ec29-749d-4853-a0eb-6368db662f40,300913006,Shellfish allergy
151,2016-06-06,,dcaeb448-6a7d-4c64-9d43-0a9390d26013,a637ec29-749d-4853-a0eb-6368db662f40,418689008,Allergy to grass pollen
152,2016-06-06,,dcaeb448-6a7d-4c64-9d43-0a9390d26013,a637ec29-749d-4853-a0eb-6368db662f40,232347008,Dander (animal) allergy
153,2016-06-06,,dcaeb448-6a7d-4c64-9d43-0a9390d26013,a637ec29-749d-4853-a0eb-6368db662f40,232350006,House dust mite allergy
154,2016-06-06,,dcaeb448-6a7d-4c64-9d43-0a9390d26013,a637ec29-749d-4853-a0eb-6368db662f40,419474003,Allergy to mould
155,2016-06-06,,dcaeb448-6a7d-4c64-9d43-0a9390d26013,a637ec29-749d-4853-a0eb-6368db662f40,424213003,Allergy to bee venom
156,1964-04-12,,abe7ef60-0c44-4ff7-8935-fc0c521fa613,1f52d0b7-9f74-462a-8702-77092b16e6be,419474003,Allergy to mould
157,1936-12-30,,a4a67345-d7e5-4246-8e06-ed043a9764e2,eac97d52-097f-4a60-a066-5d79e139c437,300913006,Shellfish allergy
158,2006-07-10,,9ec3c4fc-2b10-46dc-a766-8c4fe82c2332,1a7fb6a8-de8c-4dd9-a3f6-ab406f8613bf,91935009,Allergy to peanuts
159,2006-07-10,,9ec3c4fc-2b10-46dc-a766-8c4fe82c2332,1a7fb6a8-de8c-4dd9-a3f6-ab406f8613bf,91934008,Allergy to nut
160,2006-07-10,,9ec3c4fc-2b10-46dc-a766-8c4fe82c2332,1a7fb6a8-de8c-4dd9-a3f6-ab406f8613bf,420174000,Allergy to wheat
161,2006-07-10,,9ec3c4fc-2b10-46dc-a766-8c4fe82c2332,1a7fb6a8-de8c-4dd9-a3f6-ab406f8613bf,419263009,Allergy to tree pollen
162,2006-07-10,,9ec3c4fc-2b10-46dc-a766-8c4fe82c2332,1a7fb6a8-de8c-4dd9-a3f6-ab406f8613bf,418689008,Allergy to grass pollen
163,2006-07-10,,9ec3c4fc-2b10-46dc-a766-8c4fe82c2332,1a7fb6a8-de8c-4dd9-a3f6-ab406f8613bf,232347008,Dander (animal) allergy
164,2006-07-10,,9ec3c4fc-2b10-46dc-a766-8c4fe82c2332,1a7fb6a8-de8c-4dd9-a3f6-ab406f8613bf,232350006,House dust mite allergy
165,2006-07-10,,9ec3c4fc-2b10-46dc-a766-8c4fe82c2332,1a7fb6a8-de8c-4dd9-a3f6-ab406f8613bf,419474003,Allergy to mould
166,2006-07-10,,9ec3c4fc-2b10-46dc-a766-8c4fe82c2332,1a7fb6a8-de8c-4dd9-a3f6-ab406f8613bf,424213003,Allergy to bee venom
167,2006-07-10,,9ec3c4fc-2b10-46dc-a766-8c4fe82c2332,1a7fb6a8-de8c-4dd9-a3f6-ab406f8613bf,300916003,Latex allergy
168,1944-02-27,,d085c47c-e280-4297-9ebc-fdf7321b9960,c35bf005-6bc1-4f9a-b39b-7dd8942c69a2,300913006,Shellfish allergy
169,1943-12-19,,0573a385-9603-4fed-9922-c1182b580b4c,5737e3a9-a455-44cd-9232-bd12b30f05cc,418689008,Allergy to grass pollen
170,1943-12-19,,0573a385-9603-4fed-9922-c1182b580b4c,5737e3a9-a455-44cd-9232-bd12b30f05cc,232347008,Dander (animal) allergy
171,1966-04-09,,6059a250-fc18-4b64-bf6d-967848ae252e,100cb766-bb07-4d29-ada8-521d116bc5c2,418689008,Allergy to grass pollen
172,1966-04-09,,6059a250-fc18-4b64-bf6d-967848ae252e,100cb766-bb07-4d29-ada8-521d116bc5c2,424213003,Allergy to bee venom
173,1966-04-09,,6059a250-fc18-4b64-bf6d-967848ae252e,100cb766-bb07-4d29-ada8-521d116bc5c2,300916003,Latex allergy
174,1968-04-26,,f12b31fa-02ff-4c7e-b49b-597b9a4a7d6b,b03151ad-cfdd-400b-bf32-b0843dc5634a,91934008,Allergy to nut
175,1968-04-26,,f12b31fa-02ff-4c7e-b49b-597b9a4a7d6b,b03151ad-cfdd-400b-bf32-b0843dc5634a,419263009,Allergy to tree pollen
176,1968-04-26,,f12b31fa-02ff-4c7e-b49b-597b9a4a7d6b,b03151ad-cfdd-400b-bf32-b0843dc5634a,232347008,Dander (animal) allergy
177,1968-04-26,,f12b31fa-02ff-4c7e-b49b-597b9a4a7d6b,b03151ad-cfdd-400b-bf32-b0843dc5634a,232350006,House dust mite allergy
178,1968-04-26,,f12b31fa-02ff-4c7e-b49b-597b9a4a7d6b,b03151ad-cfdd-400b-bf32-b0843dc5634a,419474003,Allergy to mould
179,2017-06-05,,2ad29b71-144b-4c02-9b6b-644a6c8c09bb,92535a45-17d9-47fa-a9b2-875390b139c4,417532002,Allergy to fish
180,1956-11-22,,d3e36d07-d962-414d-bd6a-01db0065d159,c6a3e97c-436b-45b5-8c3b-a07ede2cb178,300913006,Shellfish allergy
181,1956-11-22,,d3e36d07-d962-414d-bd6a-01db0065d159,c6a3e97c-436b-45b5-8c3b-a07ede2cb178,419263009,Allergy to tree pollen
182,1955-11-22,,95a37592-7e13-4067-88d4-8540f873c858,0f451ad1-b20b-4671-bba2-0406654882d5,91934008,Allergy to nut
183,1921-01-06,,b3531890-0a38-4168-a404-00b06111e8fb,ecd1d1c8-8a0a-4b78-98ff-9214b94b6079,91935009,Allergy to peanuts
184,2013-02-21,,6e8b250f-3ce4-442c-96d7-08786c74a966,bf15bd84-1d19-4103-97c9-b8e64c09699f,300913006,Shellfish allergy
185,2013-02-21,,6e8b250f-3ce4-442c-96d7-08786c74a966,bf15bd84-1d19-4103-97c9-b8e64c09699f,91930004,Allergy to eggs
186,2013-02-21,,6e8b250f-3ce4-442c-96d7-08786c74a966,bf15bd84-1d19-4103-97c9-b8e64c09699f,419263009,Allergy to tree pollen
187,2013-02-21,,6e8b250f-3ce4-442c-96d7-08786c74a966,bf15bd84-1d19-4103-97c9-b8e64c09699f,418689008,Allergy to grass pollen
188,2013-02-21,,6e8b250f-3ce4-442c-96d7-08786c74a966,bf15bd84-1d19-4103-97c9-b8e64c09699f,232347008,Dander (animal) allergy
189,2013-02-21,,6e8b250f-3ce4-442c-96d7-08786c74a966,bf15bd84-1d19-4103-97c9-b8e64c09699f,232350006,House dust mite allergy
190,2013-02-21,,6e8b250f-3ce4-442c-96d7-08786c74a966,bf15bd84-1d19-4103-97c9-b8e64c09699f,419474003,Allergy to mould
191,2013-02-21,,6e8b250f-3ce4-442c-96d7-08786c74a966,bf15bd84-1d19-4103-97c9-b8e64c09699f,424213003,Allergy to bee venom
192,1973-10-14,,d6561c64-9f8f-433d-be69-7e4055a8a3e2,b922c62d-b537-4b09-be32-a929757230fd,91930004,Allergy to eggs
193,1973-10-14,,d6561c64-9f8f-433d-be69-7e4055a8a3e2,b922c62d-b537-4b09-be32-a929757230fd,419263009,Allergy to tree pollen
194,1973-10-14,,d6561c64-9f8f-433d-be69-7e4055a8a3e2,b922c62d-b537-4b09-be32-a929757230fd,418689008,Allergy to grass pollen
195,1973-10-14,,d6561c64-9f8f-433d-be69-7e4055a8a3e2,b922c62d-b537-4b09-be32-a929757230fd,232347008,Dander (animal) allergy
196,1973-10-14,,d6561c64-9f8f-433d-be69-7e4055a8a3e2,b922c62d-b537-4b09-be32-a929757230fd,419474003,Allergy to mould
197,1940-07-07,,23071b13-4b39-4f41-8082-b78097ab2a74,2924cf80-6a72-4b7d-bb4a-7542e9005759,300913006,Shellfish allergy
198,2010-06-02,,8ba68805-5b3d-4fff-bf89-8c2999a313c0,6a735d53-83ab-4232-9c15-1d3bcf2475ac,417532002,Allergy to fish
199,2010-06-02,,8ba68805-5b3d-4fff-bf89-8c2999a313c0,6a735d53-83ab-4232-9c15-1d3bcf2475ac,91930004,Allergy to eggs
200,2010-06-02,,8ba68805-5b3d-4fff-bf89-8c2999a313c0,6a735d53-83ab-4232-9c15-1d3bcf2475ac,419263009,Allergy to tree pollen
201,2010-06-02,,8ba68805-5b3d-4fff-bf89-8c2999a313c0,6a735d53-83ab-4232-9c15-1d3bcf2475ac,418689008,Allergy to grass pollen
202,2010-06-02,,8ba68805-5b3d-4fff-bf89-8c2999a313c0,6a735d53-83ab-4232-9c15-1d3bcf2475ac,232347008,Dander (animal) allergy
203,2010-06-02,,8ba68805-5b3d-4fff-bf89-8c2999a313c0,6a735d53-83ab-4232-9c15-1d3bcf2475ac,232350006,House dust mite allergy
204,2010-06-02,,8ba68805-5b3d-4fff-bf89-8c2999a313c0,6a735d53-83ab-4232-9c15-1d3bcf2475ac,419474003,Allergy to mould
205,1975-01-13,,2d13177b-3b5f-499f-9dbb-d3c05bb99edf,7b08de3b-2f4c-4340-8610-8df810dd926b,232350006,House dust mite allergy
206,1975-01-13,,2d13177b-3b5f-499f-9dbb-d3c05bb99edf,7b08de3b-2f4c-4340-8610-8df810dd926b,300916003,Latex allergy
207,2014-04-09,,fb8233e5-bb4d-420b-ba06-7fd51be685bb,b72e7a29-e750-4370-8361-016d80094a41,300913006,Shellfish allergy
208,2014-04-09,,fb8233e5-bb4d-420b-ba06-7fd51be685bb,b72e7a29-e750-4370-8361-016d80094a41,419263009,Allergy to tree pollen
209,2014-04-09,,fb8233e5-bb4d-420b-ba06-7fd51be685bb,b72e7a29-e750-4370-8361-016d80094a41,418689008,Allergy to grass pollen
210,2014-04-09,,fb8233e5-bb4d-420b-ba06-7fd51be685bb,b72e7a29-e750-4370-8361-016d80094a41,232347008,Dander (animal) allergy
211,2014-04-09,,fb8233e5-bb4d-420b-ba06-7fd51be685bb,b72e7a29-e750-4370-8361-016d80094a41,232350006,House dust mite allergy
212,2014-04-09,,fb8233e5-bb4d-420b-ba06-7fd51be685bb,b72e7a29-e750-4370-8361-016d80094a41,419474003,Allergy to mould
213,2014-04-09,,fb8233e5-bb4d-420b-ba06-7fd51be685bb,b72e7a29-e750-4370-8361-016d80094a41,300916003,Latex allergy
214,1926-10-14,,ca1a0f1e-0739-4fb6-a706-24bdc0a8f5b0,0fea584c-176c-4e5b-877b-184968af9e25,91934008,Allergy to nut
215,1926-10-14,,ca1a0f1e-0739-4fb6-a706-24bdc0a8f5b0,0fea584c-176c-4e5b-877b-184968af9e25,419263009,Allergy to tree pollen
216,2006-10-06,,0a51828e-c916-46d8-b950-1b4ea9adf68b,b992d4a0-1f46-4c32-9625-b166540a4873,91934008,Allergy to nut
217,2006-10-06,,0a51828e-c916-46d8-b950-1b4ea9adf68b,b992d4a0-1f46-4c32-9625-b166540a4873,420174000,Allergy to wheat
218,2006-10-06,,0a51828e-c916-46d8-b950-1b4ea9adf68b,b992d4a0-1f46-4c32-9625-b166540a4873,91930004,Allergy to eggs
219,2006-10-06,,0a51828e-c916-46d8-b950-1b4ea9adf68b,b992d4a0-1f46-4c32-9625-b166540a4873,425525006,Allergy to dairy product
220,2006-10-06,,0a51828e-c916-46d8-b950-1b4ea9adf68b,b992d4a0-1f46-4c32-9625-b166540a4873,419263009,Allergy to tree pollen
221,2006-10-06,,0a51828e-c916-46d8-b950-1b4ea9adf68b,b992d4a0-1f46-4c32-9625-b166540a4873,418689008,Allergy to grass pollen
222,2006-10-06,,0a51828e-c916-46d8-b950-1b4ea9adf68b,b992d4a0-1f46-4c32-9625-b166540a4873,232347008,Dander (animal) allergy
223,2006-10-06,,0a51828e-c916-46d8-b950-1b4ea9adf68b,b992d4a0-1f46-4c32-9625-b166540a4873,232350006,House dust mite allergy
224,2006-10-06,,0a51828e-c916-46d8-b950-1b4ea9adf68b,b992d4a0-1f46-4c32-9625-b166540a4873,419474003,Allergy to mould
225,2011-05-14,,c366da60-5570-420a-acc1-928f658dc8c0,6211b627-77f3-4664-a1ef-05edf85c9df4,417532002,Allergy to fish
226,2011-05-14,,c366da60-5570-420a-acc1-928f658dc8c0,6211b627-77f3-4664-a1ef-05edf85c9df4,425525006,Allergy to dairy product
227,2011-05-14,,c366da60-5570-420a-acc1-928f658dc8c0,6211b627-77f3-4664-a1ef-05edf85c9df4,419263009,Allergy to tree pollen
228,2011-05-14,,c366da60-5570-420a-acc1-928f658dc8c0,6211b627-77f3-4664-a1ef-05edf85c9df4,418689008,Allergy to grass pollen
229,2011-05-14,,c366da60-5570-420a-acc1-928f658dc8c0,6211b627-77f3-4664-a1ef-05edf85c9df4,232347008,Dander (animal) allergy
230,2011-05-14,,c366da60-5570-420a-acc1-928f658dc8c0,6211b627-77f3-4664-a1ef-05edf85c9df4,232350006,House dust mite allergy
231,2011-05-14,,c366da60-5570-420a-acc1-928f658dc8c0,6211b627-77f3-4664-a1ef-05edf85c9df4,419474003,Allergy to mould
232,1924-12-15,,90d86c98-0694-47b6-af52-f57bcd9eaab2,881662a1-b4c9-4b16-9d84-7113aa5877bc,300913006,Shellfish allergy
233,1924-12-15,,90d86c98-0694-47b6-af52-f57bcd9eaab2,881662a1-b4c9-4b16-9d84-7113aa5877bc,232347008,Dander (animal) allergy
234,1935-11-12,,92c74a33-2ccb-4420-b8dc-3f9b70a0f4d2,667ab9bd-f5ab-4494-bdf4-17bf9b33742e,91935009,Allergy to peanuts
235,1974-11-03,,0e9afc8b-c602-4372-a1e3-e94f49b0f6ce,700864e0-7c12-4518-897a-caf10de9ae9d,419263009,Allergy to tree pollen
236,1974-11-03,,0e9afc8b-c602-4372-a1e3-e94f49b0f6ce,700864e0-7c12-4518-897a-caf10de9ae9d,418689008,Allergy to grass pollen
237,1974-11-03,,0e9afc8b-c602-4372-a1e3-e94f49b0f6ce,700864e0-7c12-4518-897a-caf10de9ae9d,232347008,Dander (animal) allergy
238,1974-11-03,,0e9afc8b-c602-4372-a1e3-e94f49b0f6ce,700864e0-7c12-4518-897a-caf10de9ae9d,232350006,House dust mite allergy
239,1974-11-03,,0e9afc8b-c602-4372-a1e3-e94f49b0f6ce,700864e0-7c12-4518-897a-caf10de9ae9d,419474003,Allergy to mould
240,1918-11-13,,f06bccac-a832-44d7-adbf-d77f3db13a41,518295e6-d80f-4cda-aff0-ca631ccb403f,300913006,Shellfish allergy
241,1983-12-15,,dfbd564e-cf52-447b-8a85-30cc5e1656b8,101e269a-0e4f-40ff-918f-2e7ebb033f28,91935009,Allergy to peanuts
242,1983-12-15,,dfbd564e-cf52-447b-8a85-30cc5e1656b8,101e269a-0e4f-40ff-918f-2e7ebb033f28,300913006,Shellfish allergy
243,1983-12-15,,dfbd564e-cf52-447b-8a85-30cc5e1656b8,101e269a-0e4f-40ff-918f-2e7ebb033f28,419263009,Allergy to tree pollen
244,1983-12-15,,dfbd564e-cf52-447b-8a85-30cc5e1656b8,101e269a-0e4f-40ff-918f-2e7ebb033f28,418689008,Allergy to grass pollen
245,1983-12-15,,dfbd564e-cf52-447b-8a85-30cc5e1656b8,101e269a-0e4f-40ff-918f-2e7ebb033f28,232347008,Dander (animal) allergy
246,1983-12-15,,dfbd564e-cf52-447b-8a85-30cc5e1656b8,101e269a-0e4f-40ff-918f-2e7ebb033f28,232350006,House dust mite allergy
247,1934-12-24,,f7208391-f9dd-4185-82b2-f0d6f04d6149,fbbe3412-ba70-4637-93e2-dea2e1b4cf12,300913006,Shellfish allergy
248,1934-12-24,,f7208391-f9dd-4185-82b2-f0d6f04d6149,fbbe3412-ba70-4637-93e2-dea2e1b4cf12,419474003,Allergy to mould
249,2017-01-04,,96f96aaa-9f39-44e4-b8f4-7703893300a3,d19f262d-28af-47b7-a899-07292efc1b12,91935009,Allergy to peanuts
250,2017-01-04,,96f96aaa-9f39-44e4-b8f4-7703893300a3,d19f262d-28af-47b7-a899-07292efc1b12,300913006,Shellfish allergy
251,2017-01-04,,96f96aaa-9f39-44e4-b8f4-7703893300a3,d19f262d-28af-47b7-a899-07292efc1b12,420174000,Allergy to wheat
252,2017-01-04,,96f96aaa-9f39-44e4-b8f4-7703893300a3,d19f262d-28af-47b7-a899-07292efc1b12,419263009,Allergy to tree pollen
253,2017-01-04,,96f96aaa-9f39-44e4-b8f4-7703893300a3,d19f262d-28af-47b7-a899-07292efc1b12,418689008,Allergy to grass pollen
254,2017-01-04,,96f96aaa-9f39-44e4-b8f4-7703893300a3,d19f262d-28af-47b7-a899-07292efc1b12,232347008,Dander (animal) allergy
255,2017-01-04,,96f96aaa-9f39-44e4-b8f4-7703893300a3,d19f262d-28af-47b7-a899-07292efc1b12,232350006,House dust mite allergy
256,2017-01-04,,96f96aaa-9f39-44e4-b8f4-7703893300a3,d19f262d-28af-47b7-a899-07292efc1b12,419474003,Allergy to mould
257,1956-05-30,,bb526c1b-6e39-4662-968c-32a4381371a6,97d165fc-6376-4c15-b59f-5ac07243cb8a,232350006,House dust mite allergy
258,1960-11-23,,44c77449-072b-4559-8608-dc28f4647379,002c4e2d-f9ff-4502-8818-fedaef3f02c3,91935009,Allergy to peanuts
259,1960-11-23,,44c77449-072b-4559-8608-dc28f4647379,002c4e2d-f9ff-4502-8818-fedaef3f02c3,425525006,Allergy to dairy product
260,1960-11-23,,44c77449-072b-4559-8608-dc28f4647379,002c4e2d-f9ff-4502-8818-fedaef3f02c3,419263009,Allergy to tree pollen
261,1960-11-23,,44c77449-072b-4559-8608-dc28f4647379,002c4e2d-f9ff-4502-8818-fedaef3f02c3,418689008,Allergy to grass pollen
262,1960-11-23,,44c77449-072b-4559-8608-dc28f4647379,002c4e2d-f9ff-4502-8818-fedaef3f02c3,232347008,Dander (animal) allergy
263,1960-11-23,,44c77449-072b-4559-8608-dc28f4647379,002c4e2d-f9ff-4502-8818-fedaef3f02c3,232350006,House dust mite allergy
264,1960-11-23,,44c77449-072b-4559-8608-dc28f4647379,002c4e2d-f9ff-4502-8818-fedaef3f02c3,419474003,Allergy to mould
265,1951-07-27,,777054f0-44b8-4e39-8c57-442fa9e3ee64,c3a815f2-584d-4f4c-b155-067d45f3333c,91930004,Allergy to eggs
266,2004-06-04,,7e5ec0c2-f269-48ad-b057-3338744d6290,c3a8c1b0-7961-4f5d-b183-3f3f36c6a5de,91935009,Allergy to peanuts
267,2004-06-04,,7e5ec0c2-f269-48ad-b057-3338744d6290,c3a8c1b0-7961-4f5d-b183-3f3f36c6a5de,91934008,Allergy to nut
268,2004-06-04,,7e5ec0c2-f269-48ad-b057-3338744d6290,c3a8c1b0-7961-4f5d-b183-3f3f36c6a5de,417532002,Allergy to fish
269,2004-06-04,,7e5ec0c2-f269-48ad-b057-3338744d6290,c3a8c1b0-7961-4f5d-b183-3f3f36c6a5de,300913006,Shellfish allergy
270,2004-06-04,,7e5ec0c2-f269-48ad-b057-3338744d6290,c3a8c1b0-7961-4f5d-b183-3f3f36c6a5de,419263009,Allergy to tree pollen
271,2004-06-04,,7e5ec0c2-f269-48ad-b057-3338744d6290,c3a8c1b0-7961-4f5d-b183-3f3f36c6a5de,418689008,Allergy to grass pollen
272,2004-06-04,,7e5ec0c2-f269-48ad-b057-3338744d6290,c3a8c1b0-7961-4f5d-b183-3f3f36c6a5de,232347008,Dander (animal) allergy
273,2004-06-04,,7e5ec0c2-f269-48ad-b057-3338744d6290,c3a8c1b0-7961-4f5d-b183-3f3f36c6a5de,232350006,House dust mite allergy
274,2004-06-04,,7e5ec0c2-f269-48ad-b057-3338744d6290,c3a8c1b0-7961-4f5d-b183-3f3f36c6a5de,419474003,Allergy to mould
275,2004-06-04,,7e5ec0c2-f269-48ad-b057-3338744d6290,c3a8c1b0-7961-4f5d-b183-3f3f36c6a5de,424213003,Allergy to bee venom
276,1985-05-29,,690feab6-69b0-46e3-99ff-f8f94ec50af3,aa8dc9bb-2983-418e-b1af-55db51cb955d,417532002,Allergy to fish
277,1985-05-29,,690feab6-69b0-46e3-99ff-f8f94ec50af3,aa8dc9bb-2983-418e-b1af-55db51cb955d,419263009,Allergy to tree pollen
278,1985-05-29,,690feab6-69b0-46e3-99ff-f8f94ec50af3,aa8dc9bb-2983-418e-b1af-55db51cb955d,418689008,Allergy to grass pollen
279,1985-05-29,,690feab6-69b0-46e3-99ff-f8f94ec50af3,aa8dc9bb-2983-418e-b1af-55db51cb955d,232347008,Dander (animal) allergy
280,1985-05-29,,690feab6-69b0-46e3-99ff-f8f94ec50af3,aa8dc9bb-2983-418e-b1af-55db51cb955d,232350006,House dust mite allergy
281,1985-05-29,,690feab6-69b0-46e3-99ff-f8f94ec50af3,aa8dc9bb-2983-418e-b1af-55db51cb955d,419474003,Allergy to mould
282,2006-04-17,,093e7ac4-a049-4763-8782-a96c049188db,59e5d465-4b57-40c9-b3ba-4a9aa5c9499f,420174000,Allergy to wheat
283,2010-07-23,,4bb1c058-5218-42e0-b53e-07c1f5899ad1,5e5927f6-a54c-4e63-8b3b-9b20b83afe1d,232347008,Dander (animal) allergy
284,2010-07-23,2014-08-31,4bb1c058-5218-42e0-b53e-07c1f5899ad1,5e5927f6-a54c-4e63-8b3b-9b20b83afe1d,419474003,Allergy to mould
285,1982-05-21,,a1bf06e9-c0ed-4658-a8ea-ebefa6ad4108,6ffb70da-c5d3-4945-bc75-be42383c597c,417532002,Allergy to fish
286,1982-05-21,,a1bf06e9-c0ed-4658-a8ea-ebefa6ad4108,6ffb70da-c5d3-4945-bc75-be42383c597c,419263009,Allergy to tree pollen
287,1982-05-21,,a1bf06e9-c0ed-4658-a8ea-ebefa6ad4108,6ffb70da-c5d3-4945-bc75-be42383c597c,232347008,Dander (animal) allergy
288,1982-05-21,,a1bf06e9-c0ed-4658-a8ea-ebefa6ad4108,6ffb70da-c5d3-4945-bc75-be42383c597c,232350006,House dust mite allergy
289,1982-05-21,,a1bf06e9-c0ed-4658-a8ea-ebefa6ad4108,6ffb70da-c5d3-4945-bc75-be42383c597c,419474003,Allergy to mould
290,2005-12-07,,2dc13e4c-55e2-4560-9dac-5720e0cfffa2,66627ea1-8476-4bce-b9e0-dfc942859dd9,300913006,Shellfish allergy
291,2005-12-07,,2dc13e4c-55e2-4560-9dac-5720e0cfffa2,66627ea1-8476-4bce-b9e0-dfc942859dd9,714035009,Allergy to soya
292,2005-12-07,,2dc13e4c-55e2-4560-9dac-5720e0cfffa2,66627ea1-8476-4bce-b9e0-dfc942859dd9,419263009,Allergy to tree pollen
293,2005-12-07,,2dc13e4c-55e2-4560-9dac-5720e0cfffa2,66627ea1-8476-4bce-b9e0-dfc942859dd9,418689008,Allergy to grass pollen
294,2005-12-07,,2dc13e4c-55e2-4560-9dac-5720e0cfffa2,66627ea1-8476-4bce-b9e0-dfc942859dd9,232347008,Dander (animal) allergy
295,2005-12-07,,2dc13e4c-55e2-4560-9dac-5720e0cfffa2,66627ea1-8476-4bce-b9e0-dfc942859dd9,232350006,House dust mite allergy
296,2005-12-07,,2dc13e4c-55e2-4560-9dac-5720e0cfffa2,66627ea1-8476-4bce-b9e0-dfc942859dd9,419474003,Allergy to mould
297,2005-12-07,,2dc13e4c-55e2-4560-9dac-5720e0cfffa2,66627ea1-8476-4bce-b9e0-dfc942859dd9,424213003,Allergy to bee venom
298,1960-08-16,,acf3577c-09bf-4817-93e2-96509c28f73c,a7d5ea9f-c6e2-4c49-bd78-444cb85d7206,91934008,Allergy to nut
299,1960-08-16,,acf3577c-09bf-4817-93e2-96509c28f73c,a7d5ea9f-c6e2-4c49-bd78-444cb85d7206,420174000,Allergy to wheat
300,1960-08-16,,acf3577c-09bf-4817-93e2-96509c28f73c,a7d5ea9f-c6e2-4c49-bd78-444cb85d7206,425525006,Allergy to dairy product
301,1960-08-16,,acf3577c-09bf-4817-93e2-96509c28f73c,a7d5ea9f-c6e2-4c49-bd78-444cb85d7206,419263009,Allergy to tree pollen
302,1960-08-16,,acf3577c-09bf-4817-93e2-96509c28f73c,a7d5ea9f-c6e2-4c49-bd78-444cb85d7206,418689008,Allergy to grass pollen
303,1960-08-16,,acf3577c-09bf-4817-93e2-96509c28f73c,a7d5ea9f-c6e2-4c49-bd78-444cb85d7206,232347008,Dander (animal) allergy
304,1960-08-16,,acf3577c-09bf-4817-93e2-96509c28f73c,a7d5ea9f-c6e2-4c49-bd78-444cb85d7206,232350006,House dust mite allergy
305,1960-08-16,,acf3577c-09bf-4817-93e2-96509c28f73c,a7d5ea9f-c6e2-4c49-bd78-444cb85d7206,419474003,Allergy to mould
306,1960-08-16,,acf3577c-09bf-4817-93e2-96509c28f73c,a7d5ea9f-c6e2-4c49-bd78-444cb85d7206,424213003,Allergy to bee venom
307,1989-10-29,,5955b04b-15c9-4303-a82c-2a94cee107b8,b02970cd-85a8-4a80-95c1-fb607755df44,418689008,Allergy to grass pollen
308,1979-01-20,,c4204728-f3b9-43c3-a5e4-3697ab1d2429,d5acf964-024d-4132-b9e7-2065e4250825,300913006,Shellfish allergy
309,1979-01-20,,c4204728-f3b9-43c3-a5e4-3697ab1d2429,d5acf964-024d-4132-b9e7-2065e4250825,419263009,Allergy to tree pollen
310,1979-01-20,,c4204728-f3b9-43c3-a5e4-3697ab1d2429,d5acf964-024d-4132-b9e7-2065e4250825,418689008,Allergy to grass pollen
311,1979-01-20,,c4204728-f3b9-43c3-a5e4-3697ab1d2429,d5acf964-024d-4132-b9e7-2065e4250825,232347008,Dander (animal) allergy
312,1979-01-20,,c4204728-f3b9-43c3-a5e4-3697ab1d2429,d5acf964-024d-4132-b9e7-2065e4250825,232350006,House dust mite allergy
313,1979-01-20,,c4204728-f3b9-43c3-a5e4-3697ab1d2429,d5acf964-024d-4132-b9e7-2065e4250825,419474003,Allergy to mould
314,1979-01-20,,c4204728-f3b9-43c3-a5e4-3697ab1d2429,d5acf964-024d-4132-b9e7-2065e4250825,424213003,Allergy to bee venom
315,1983-07-02,,b78252ec-a5b0-46e0-bf3f-4cfbae092b10,4002a4fc-d6d7-43e1-a2dd-59d4b5a12ea9,420174000,Allergy to wheat
316,1983-07-02,,b78252ec-a5b0-46e0-bf3f-4cfbae092b10,4002a4fc-d6d7-43e1-a2dd-59d4b5a12ea9,419474003,Allergy to mould
317,2003-09-05,,d016bba3-726b-4be9-bee9-162cdacf9424,8a297d0e-84e4-43f3-9394-70da23d8010b,425525006,Allergy to dairy product
318,2003-09-05,,d016bba3-726b-4be9-bee9-162cdacf9424,8a297d0e-84e4-43f3-9394-70da23d8010b,232347008,Dander (animal) allergy
319,1982-06-07,,cd6429e9-f19d-47e1-bdff-60c7e9b06987,2d094b83-bf54-4521-b195-75cae5db97f6,417532002,Allergy to fish
320,1982-06-07,,cd6429e9-f19d-47e1-bdff-60c7e9b06987,2d094b83-bf54-4521-b195-75cae5db97f6,418689008,Allergy to grass pollen
321,1982-06-07,,cd6429e9-f19d-47e1-bdff-60c7e9b06987,2d094b83-bf54-4521-b195-75cae5db97f6,232347008,Dander (animal) allergy
322,1982-06-07,,cd6429e9-f19d-47e1-bdff-60c7e9b06987,2d094b83-bf54-4521-b195-75cae5db97f6,419474003,Allergy to mould
323,1938-07-22,,dc57b827-3ecd-49b1-b17f-fc7e84f017f0,c0f3fe9a-ab75-45be-bef0-49a23963008a,232347008,Dander (animal) allergy
324,1957-08-07,,6db3bb62-7ff1-4bb4-bd80-4b904e786b82,531f5968-e831-482f-9bd4-a9024d369d89,417532002,Allergy to fish
325,1957-08-07,,6db3bb62-7ff1-4bb4-bd80-4b904e786b82,531f5968-e831-482f-9bd4-a9024d369d89,419263009,Allergy to tree pollen
326,1957-08-07,,6db3bb62-7ff1-4bb4-bd80-4b904e786b82,531f5968-e831-482f-9bd4-a9024d369d89,232350006,House dust mite allergy
327,1957-08-07,,6db3bb62-7ff1-4bb4-bd80-4b904e786b82,531f5968-e831-482f-9bd4-a9024d369d89,419474003,Allergy to mould
328,1957-08-07,,6db3bb62-7ff1-4bb4-bd80-4b904e786b82,531f5968-e831-482f-9bd4-a9024d369d89,424213003,Allergy to bee venom
329,1971-09-09,,3a9052f4-2585-485b-a7c5-c6bb129f870f,25c07d89-16bb-475d-8c1e-ec9a2a35e6b2,91935009,Allergy to peanuts
330,1971-09-09,,3a9052f4-2585-485b-a7c5-c6bb129f870f,25c07d89-16bb-475d-8c1e-ec9a2a35e6b2,417532002,Allergy to fish
331,1971-09-09,,3a9052f4-2585-485b-a7c5-c6bb129f870f,25c07d89-16bb-475d-8c1e-ec9a2a35e6b2,424213003,Allergy to bee venom
332,1997-09-20,2014-07-18,98425d79-f1fd-4777-9733-fffb6e412b58,637c2910-ec92-47db-b4cc-f6835d156d22,420174000,Allergy to wheat
333,1980-01-30,,a6cfe61a-55e9-4d00-ba15-dcd83875c584,fc95279a-ea82-4f90-a2a5-e68e29b006e1,91935009,Allergy to peanuts
334,1980-01-30,,a6cfe61a-55e9-4d00-ba15-dcd83875c584,fc95279a-ea82-4f90-a2a5-e68e29b006e1,91934008,Allergy to nut
335,1980-01-30,,a6cfe61a-55e9-4d00-ba15-dcd83875c584,fc95279a-ea82-4f90-a2a5-e68e29b006e1,232347008,Dander (animal) allergy
336,1988-06-22,,7275dc64-7663-444d-bff1-f914ae597eaf,f2c7271d-05b1-4b60-8e13-d9fcccd15c3d,91930004,Allergy to eggs
337,1988-06-22,,7275dc64-7663-444d-bff1-f914ae597eaf,f2c7271d-05b1-4b60-8e13-d9fcccd15c3d,418689008,Allergy to grass pollen
338,1988-06-22,,7275dc64-7663-444d-bff1-f914ae597eaf,f2c7271d-05b1-4b60-8e13-d9fcccd15c3d,419474003,Allergy to mould
339,1925-02-19,,5d50844c-252e-4b2f-9397-b2371fb4123d,7d0c71d9-e727-4732-9d9d-d807edaaadb7,420174000,Allergy to wheat
340,1917-09-02,,26a94437-e8f4-4c71-8583-9dcc9d703ad6,9d739fa4-8d1c-4d44-9e63-f83300afedeb,300913006,Shellfish allergy
341,1930-03-18,,6c4c97ac-0095-4213-9755-5d94f1b8ed0b,9c5e4287-6962-4df6-aa7c-b1e1ae6c8679,91935009,Allergy to peanuts
342,1930-03-18,,6c4c97ac-0095-4213-9755-5d94f1b8ed0b,9c5e4287-6962-4df6-aa7c-b1e1ae6c8679,424213003,Allergy to bee venom
343,2003-06-21,,41f884e8-0e84-4f26-b606-4fee231b3812,14832c0f-fe8c-42d7-b247-af03badceb04,417532002,Allergy to fish
344,2003-06-21,,41f884e8-0e84-4f26-b606-4fee231b3812,14832c0f-fe8c-42d7-b247-af03badceb04,300913006,Shellfish allergy
345,2003-06-21,,41f884e8-0e84-4f26-b606-4fee231b3812,14832c0f-fe8c-42d7-b247-af03badceb04,420174000,Allergy to wheat
346,2003-06-21,,41f884e8-0e84-4f26-b606-4fee231b3812,14832c0f-fe8c-42d7-b247-af03badceb04,419263009,Allergy to tree pollen
347,2003-06-21,,41f884e8-0e84-4f26-b606-4fee231b3812,14832c0f-fe8c-42d7-b247-af03badceb04,418689008,Allergy to grass pollen
348,2003-06-21,,41f884e8-0e84-4f26-b606-4fee231b3812,14832c0f-fe8c-42d7-b247-af03badceb04,232347008,Dander (animal) allergy
349,2003-06-21,,41f884e8-0e84-4f26-b606-4fee231b3812,14832c0f-fe8c-42d7-b247-af03badceb04,232350006,House dust mite allergy
350,2003-06-21,,41f884e8-0e84-4f26-b606-4fee231b3812,14832c0f-fe8c-42d7-b247-af03badceb04,419474003,Allergy to mould
351,2003-06-21,,41f884e8-0e84-4f26-b606-4fee231b3812,14832c0f-fe8c-42d7-b247-af03badceb04,424213003,Allergy to bee venom
352,2002-08-14,,874eb7d6-fdaf-48ca-bf70-f5412b3cd48f,189a7f5c-1ab0-41a2-b5b0-6d416750c942,419474003,Allergy to mould
353,2010-01-29,,9d8ade43-212f-4e76-b0d4-e1c3725bd5d6,28992cf4-4ecb-4405-b242-ecc390fb935a,420174000,Allergy to wheat
354,2010-01-29,,9d8ade43-212f-4e76-b0d4-e1c3725bd5d6,28992cf4-4ecb-4405-b242-ecc390fb935a,714035009,Allergy to soya
355,2010-01-29,,9d8ade43-212f-4e76-b0d4-e1c3725bd5d6,28992cf4-4ecb-4405-b242-ecc390fb935a,419263009,Allergy to tree pollen
356,2010-01-29,,9d8ade43-212f-4e76-b0d4-e1c3725bd5d6,28992cf4-4ecb-4405-b242-ecc390fb935a,418689008,Allergy to grass pollen
357,2010-01-29,,9d8ade43-212f-4e76-b0d4-e1c3725bd5d6,28992cf4-4ecb-4405-b242-ecc390fb935a,232347008,Dander (animal) allergy
358,2010-01-29,,9d8ade43-212f-4e76-b0d4-e1c3725bd5d6,28992cf4-4ecb-4405-b242-ecc390fb935a,232350006,House dust mite allergy
359,2010-01-29,,9d8ade43-212f-4e76-b0d4-e1c3725bd5d6,28992cf4-4ecb-4405-b242-ecc390fb935a,419474003,Allergy to mould
360,2007-05-21,,351bd6d9-f279-49a2-880a-6e4cd269e8bc,7e0a11dc-24d4-4c64-8078-4d10ac3cb0b7,91930004,Allergy to eggs
361,2007-05-21,,351bd6d9-f279-49a2-880a-6e4cd269e8bc,7e0a11dc-24d4-4c64-8078-4d10ac3cb0b7,425525006,Allergy to dairy product
362,2007-05-21,,351bd6d9-f279-49a2-880a-6e4cd269e8bc,7e0a11dc-24d4-4c64-8078-4d10ac3cb0b7,418689008,Allergy to grass pollen
363,2007-05-21,,351bd6d9-f279-49a2-880a-6e4cd269e8bc,7e0a11dc-24d4-4c64-8078-4d10ac3cb0b7,232347008,Dander (animal) allergy
364,2007-05-21,,351bd6d9-f279-49a2-880a-6e4cd269e8bc,7e0a11dc-24d4-4c64-8078-4d10ac3cb0b7,419474003,Allergy to mould
365,2007-05-21,,351bd6d9-f279-49a2-880a-6e4cd269e8bc,7e0a11dc-24d4-4c64-8078-4d10ac3cb0b7,424213003,Allergy to bee venom
366,1970-09-06,,495fcdab-b67c-4ea8-aaf5-2dcd6fbd6b6d,fcf9bc34-93cb-4660-9d7f-f447c60e1cd0,91935009,Allergy to peanuts
367,1970-09-06,,495fcdab-b67c-4ea8-aaf5-2dcd6fbd6b6d,fcf9bc34-93cb-4660-9d7f-f447c60e1cd0,418689008,Allergy to grass pollen
368,1970-09-06,,495fcdab-b67c-4ea8-aaf5-2dcd6fbd6b6d,fcf9bc34-93cb-4660-9d7f-f447c60e1cd0,232347008,Dander (animal) allergy
369,1970-09-06,,495fcdab-b67c-4ea8-aaf5-2dcd6fbd6b6d,fcf9bc34-93cb-4660-9d7f-f447c60e1cd0,232350006,House dust mite allergy
370,1970-09-06,,495fcdab-b67c-4ea8-aaf5-2dcd6fbd6b6d,fcf9bc34-93cb-4660-9d7f-f447c60e1cd0,419474003,Allergy to mould
371,1970-09-06,,495fcdab-b67c-4ea8-aaf5-2dcd6fbd6b6d,fcf9bc34-93cb-4660-9d7f-f447c60e1cd0,424213003,Allergy to bee venom
372,2007-11-26,,2e89bba3-f825-4f25-b3bb-195b9b36b885,42b00d18-0475-4bb8-928e-f20495c0682c,417532002,Allergy to fish
373,2007-11-26,,2e89bba3-f825-4f25-b3bb-195b9b36b885,42b00d18-0475-4bb8-928e-f20495c0682c,91930004,Allergy to eggs
374,2007-11-26,,2e89bba3-f825-4f25-b3bb-195b9b36b885,42b00d18-0475-4bb8-928e-f20495c0682c,419263009,Allergy to tree pollen
375,2007-11-26,,2e89bba3-f825-4f25-b3bb-195b9b36b885,42b00d18-0475-4bb8-928e-f20495c0682c,418689008,Allergy to grass pollen
376,2007-11-26,,2e89bba3-f825-4f25-b3bb-195b9b36b885,42b00d18-0475-4bb8-928e-f20495c0682c,232347008,Dander (animal) allergy
377,2007-11-26,,2e89bba3-f825-4f25-b3bb-195b9b36b885,42b00d18-0475-4bb8-928e-f20495c0682c,232350006,House dust mite allergy
378,2007-11-26,,2e89bba3-f825-4f25-b3bb-195b9b36b885,42b00d18-0475-4bb8-928e-f20495c0682c,419474003,Allergy to mould
379,1939-04-06,,4c12d1cb-e615-4e22-b247-be5b8ca68938,815f8c7b-836e-49ae-af71-e79a91d477ce,300913006,Shellfish allergy
380,1982-05-03,,13e0d469-3e52-425c-8078-9e9098e0a015,96dcb0da-1a0a-4f7d-a70e-ff5ea8084257,300913006,Shellfish allergy
381,1982-05-03,,13e0d469-3e52-425c-8078-9e9098e0a015,96dcb0da-1a0a-4f7d-a70e-ff5ea8084257,419474003,Allergy to mould
382,2006-03-03,,b8b461a4-998b-498f-9d7a-a5592c64c4cb,fcbb4666-97e4-4352-9ef0-18c3126a1c86,91935009,Allergy to peanuts
383,2006-03-03,,b8b461a4-998b-498f-9d7a-a5592c64c4cb,fcbb4666-97e4-4352-9ef0-18c3126a1c86,232347008,Dander (animal) allergy
384,2009-10-11,,d5878502-b66a-4bab-933a-d0eb217469bb,23268c4e-d49c-4176-976d-34dd2a06db5d,91934008,Allergy to nut
385,2009-10-11,,d5878502-b66a-4bab-933a-d0eb217469bb,23268c4e-d49c-4176-976d-34dd2a06db5d,417532002,Allergy to fish
386,2009-10-11,,d5878502-b66a-4bab-933a-d0eb217469bb,23268c4e-d49c-4176-976d-34dd2a06db5d,420174000,Allergy to wheat
387,2009-10-11,,d5878502-b66a-4bab-933a-d0eb217469bb,23268c4e-d49c-4176-976d-34dd2a06db5d,91930004,Allergy to eggs
388,2009-10-11,,d5878502-b66a-4bab-933a-d0eb217469bb,23268c4e-d49c-4176-976d-34dd2a06db5d,419263009,Allergy to tree pollen
389,2009-10-11,,d5878502-b66a-4bab-933a-d0eb217469bb,23268c4e-d49c-4176-976d-34dd2a06db5d,418689008,Allergy to grass pollen
390,2009-10-11,,d5878502-b66a-4bab-933a-d0eb217469bb,23268c4e-d49c-4176-976d-34dd2a06db5d,232347008,Dander (animal) allergy
391,2009-10-11,,d5878502-b66a-4bab-933a-d0eb217469bb,23268c4e-d49c-4176-976d-34dd2a06db5d,232350006,House dust mite allergy
392,2009-10-11,,d5878502-b66a-4bab-933a-d0eb217469bb,23268c4e-d49c-4176-976d-34dd2a06db5d,419474003,Allergy to mould
393,2009-10-11,,d5878502-b66a-4bab-933a-d0eb217469bb,23268c4e-d49c-4176-976d-34dd2a06db5d,424213003,Allergy to bee venom
394,2009-10-11,,d5878502-b66a-4bab-933a-d0eb217469bb,23268c4e-d49c-4176-976d-34dd2a06db5d,300916003,Latex allergy
395,1982-10-14,,0d5ab3da-4a13-41bc-8d7a-ed64bbdc93f6,19cf11a3-c0ca-4b6f-9721-f8a094017b1c,91935009,Allergy to peanuts
396,1982-10-14,,0d5ab3da-4a13-41bc-8d7a-ed64bbdc93f6,19cf11a3-c0ca-4b6f-9721-f8a094017b1c,91934008,Allergy to nut
397,1982-10-14,,0d5ab3da-4a13-41bc-8d7a-ed64bbdc93f6,19cf11a3-c0ca-4b6f-9721-f8a094017b1c,418689008,Allergy to grass pollen
398,1982-10-14,,0d5ab3da-4a13-41bc-8d7a-ed64bbdc93f6,19cf11a3-c0ca-4b6f-9721-f8a094017b1c,232347008,Dander (animal) allergy
399,1982-10-14,,0d5ab3da-4a13-41bc-8d7a-ed64bbdc93f6,19cf11a3-c0ca-4b6f-9721-f8a094017b1c,232350006,House dust mite allergy
400,1982-10-14,,0d5ab3da-4a13-41bc-8d7a-ed64bbdc93f6,19cf11a3-c0ca-4b6f-9721-f8a094017b1c,419474003,Allergy to mould
401,2014-01-22,,5e04f001-ec85-466c-9f92-8b8db90fd7e8,dd1f9b53-5ce2-4a2b-bac3-54dfa7cd3525,91935009,Allergy to peanuts
402,2014-01-22,,5e04f001-ec85-466c-9f92-8b8db90fd7e8,dd1f9b53-5ce2-4a2b-bac3-54dfa7cd3525,419474003,Allergy to mould
403,1957-05-18,,a5258466-488d-4c0f-b1ab-33a3275e9d63,0c8ebbd4-2d69-416f-a662-9bb3595779db,300913006,Shellfish allergy
404,1943-04-29,,49c0d359-4477-4db3-a9d1-28766d9edc32,f8bbaf67-8702-442f-bcde-737a384de79c,425525006,Allergy to dairy product
405,1919-12-02,,76c2608b-8134-4316-a336-7d3a01323488,eda89da3-3cf1-414d-b3d8-660946df1d38,300913006,Shellfish allergy
406,2004-10-07,2008-11-06,1b0b08fc-7d16-4adc-9331-acca6185a468,28f6f514-6728-47c5-94d0-7d0c9bd8ed45,232347008,Dander (animal) allergy
407,1960-12-19,,376e3dce-3f04-4d92-91a3-c525423c3579,5598357c-4bcb-43f3-87b2-5f52ebf7d98b,300913006,Shellfish allergy
408,1960-12-19,,376e3dce-3f04-4d92-91a3-c525423c3579,5598357c-4bcb-43f3-87b2-5f52ebf7d98b,419474003,Allergy to mould
409,1957-04-01,,a00d4729-aab3-4308-9c95-6012926d6ea3,ae2b452f-893d-4789-99fe-32724fe3c195,91934008,Allergy to nut
410,1957-04-01,,a00d4729-aab3-4308-9c95-6012926d6ea3,ae2b452f-893d-4789-99fe-32724fe3c195,417532002,Allergy to fish
411,1957-04-01,,a00d4729-aab3-4308-9c95-6012926d6ea3,ae2b452f-893d-4789-99fe-32724fe3c195,419263009,Allergy to tree pollen
412,1957-04-01,,a00d4729-aab3-4308-9c95-6012926d6ea3,ae2b452f-893d-4789-99fe-32724fe3c195,418689008,Allergy to grass pollen
413,1957-04-01,,a00d4729-aab3-4308-9c95-6012926d6ea3,ae2b452f-893d-4789-99fe-32724fe3c195,232347008,Dander (animal) allergy
414,1957-04-01,,a00d4729-aab3-4308-9c95-6012926d6ea3,ae2b452f-893d-4789-99fe-32724fe3c195,232350006,House dust mite allergy
415,1957-04-01,,a00d4729-aab3-4308-9c95-6012926d6ea3,ae2b452f-893d-4789-99fe-32724fe3c195,419474003,Allergy to mould
416,1997-02-04,,12300941-b493-4209-a752-86144f883b6c,ef41c478-c74d-4ca1-858c-998e972f9501,91935009,Allergy to peanuts
417,1997-02-04,,12300941-b493-4209-a752-86144f883b6c,ef41c478-c74d-4ca1-858c-998e972f9501,300913006,Shellfish allergy
418,1971-10-28,,37147d3a-b064-4956-8024-b20ad8ebbf03,cc802fc8-c1d1-4a7e-a37a-597dafe2a7a5,417532002,Allergy to fish
419,1971-10-28,,37147d3a-b064-4956-8024-b20ad8ebbf03,cc802fc8-c1d1-4a7e-a37a-597dafe2a7a5,420174000,Allergy to wheat
420,2011-08-02,,3a62944c-d83a-489b-b8df-5959725f1c8f,a436f817-9f7d-4b57-a68e-38119c1340dd,419474003,Allergy to mould
421,2012-02-09,,a31319a7-7502-4c1c-adfa-cb957fb71d11,e37cde8e-8c21-4359-9948-c6f0126cced8,91930004,Allergy to eggs
422,2012-02-09,,a31319a7-7502-4c1c-adfa-cb957fb71d11,e37cde8e-8c21-4359-9948-c6f0126cced8,714035009,Allergy to soya
423,2012-02-09,,a31319a7-7502-4c1c-adfa-cb957fb71d11,e37cde8e-8c21-4359-9948-c6f0126cced8,425525006,Allergy to dairy product
424,2012-02-09,,a31319a7-7502-4c1c-adfa-cb957fb71d11,e37cde8e-8c21-4359-9948-c6f0126cced8,419263009,Allergy to tree pollen
425,2012-02-09,,a31319a7-7502-4c1c-adfa-cb957fb71d11,e37cde8e-8c21-4359-9948-c6f0126cced8,418689008,Allergy to grass pollen
426,2012-02-09,,a31319a7-7502-4c1c-adfa-cb957fb71d11,e37cde8e-8c21-4359-9948-c6f0126cced8,232347008,Dander (animal) allergy
427,2012-02-09,,a31319a7-7502-4c1c-adfa-cb957fb71d11,e37cde8e-8c21-4359-9948-c6f0126cced8,232350006,House dust mite allergy
428,2012-02-09,,a31319a7-7502-4c1c-adfa-cb957fb71d11,e37cde8e-8c21-4359-9948-c6f0126cced8,419474003,Allergy to mould
429,2012-02-09,,a31319a7-7502-4c1c-adfa-cb957fb71d11,e37cde8e-8c21-4359-9948-c6f0126cced8,424213003,Allergy to bee venom
430,2012-02-09,,a31319a7-7502-4c1c-adfa-cb957fb71d11,e37cde8e-8c21-4359-9948-c6f0126cced8,300916003,Latex allergy
431,1997-01-14,,4c0bdf93-44d8-4811-8d1d-7a7452751d39,100323a6-7b85-4442-a74c-f6a11295e855,300913006,Shellfish allergy
432,1997-01-14,2013-04-05,4c0bdf93-44d8-4811-8d1d-7a7452751d39,100323a6-7b85-4442-a74c-f6a11295e855,232347008,Dander (animal) allergy
433,1991-02-07,,e0cc718b-fff9-4c25-8760-6a89239eb5f7,94dbe383-fb30-449a-be37-110384158606,300913006,Shellfish allergy
434,1956-03-12,,a4d9d4f3-0a60-4cf5-b5e5-ca34734a476b,f11b8155-fc33-47b0-bfb0-b28fbca5d937,300913006,Shellfish allergy
435,1926-02-26,,02c0668a-b8bb-45be-a573-dfb139977b5f,06543def-3a75-47af-9d3c-e4a03fc8f72e,300913006,Shellfish allergy
436,1926-02-26,,02c0668a-b8bb-45be-a573-dfb139977b5f,06543def-3a75-47af-9d3c-e4a03fc8f72e,419474003,Allergy to mould
437,1954-08-23,,b8be5954-5143-442d-8c4d-1bc05ab32fda,cf198dd4-b956-4700-8e9d-557c9d79460b,419263009,Allergy to tree pollen
438,1954-08-23,,b8be5954-5143-442d-8c4d-1bc05ab32fda,cf198dd4-b956-4700-8e9d-557c9d79460b,418689008,Allergy to grass pollen
439,1954-08-23,,b8be5954-5143-442d-8c4d-1bc05ab32fda,cf198dd4-b956-4700-8e9d-557c9d79460b,232347008,Dander (animal) allergy
440,1954-08-23,,b8be5954-5143-442d-8c4d-1bc05ab32fda,cf198dd4-b956-4700-8e9d-557c9d79460b,232350006,House dust mite allergy
441,1954-08-23,,b8be5954-5143-442d-8c4d-1bc05ab32fda,cf198dd4-b956-4700-8e9d-557c9d79460b,419474003,Allergy to mould
442,1954-08-23,,b8be5954-5143-442d-8c4d-1bc05ab32fda,cf198dd4-b956-4700-8e9d-557c9d79460b,424213003,Allergy to bee venom
443,1995-09-23,,ef8342d3-26e9-4d5d-a472-946ebec965bd,deaab4b7-00f8-45b6-b132-a67f341c841f,419263009,Allergy to tree pollen
444,1995-09-23,,ef8342d3-26e9-4d5d-a472-946ebec965bd,deaab4b7-00f8-45b6-b132-a67f341c841f,418689008,Allergy to grass pollen
445,1995-09-23,,ef8342d3-26e9-4d5d-a472-946ebec965bd,deaab4b7-00f8-45b6-b132-a67f341c841f,232347008,Dander (animal) allergy
446,1995-09-23,,ef8342d3-26e9-4d5d-a472-946ebec965bd,deaab4b7-00f8-45b6-b132-a67f341c841f,232350006,House dust mite allergy
447,1995-09-23,,ef8342d3-26e9-4d5d-a472-946ebec965bd,deaab4b7-00f8-45b6-b132-a67f341c841f,419474003,Allergy to mould
448,1939-11-01,,95db5d3f-5acb-497e-9052-45082aed2dd4,e0658e4e-f2e1-46d4-bb5d-445151396fa2,300913006,Shellfish allergy
449,1977-09-23,,88e73ece-e999-4526-9934-0db67691a8c4,37954d29-20b4-4638-8ceb-449ae5af905a,417532002,Allergy to fish
450,1977-09-23,,88e73ece-e999-4526-9934-0db67691a8c4,37954d29-20b4-4638-8ceb-449ae5af905a,232350006,House dust mite allergy
451,1977-09-23,,88e73ece-e999-4526-9934-0db67691a8c4,37954d29-20b4-4638-8ceb-449ae5af905a,424213003,Allergy to bee venom
452,1954-10-25,,6b0a38fe-6757-4ddd-89e4-5bf5de9e6cb2,3bec8b75-ccc8-4f06-8f65-b6e6268feb92,300913006,Shellfish allergy
453,1921-03-14,,cc6c0d7c-6791-4492-a6cb-039baed2e870,39649208-5489-4629-ac2e-d1800f4e9258,91935009,Allergy to peanuts
454,1956-10-18,,e5e6332c-285e-4931-9818-5381d83dde03,851631a1-48e9-4b46-a38c-906476f88445,91934008,Allergy to nut
455,1981-02-07,,b7cba796-4b08-420a-97b2-10a0eff96afb,02468fd5-fb51-4398-96ec-9a6722d2825f,232347008,Dander (animal) allergy
456,1981-02-07,,b7cba796-4b08-420a-97b2-10a0eff96afb,02468fd5-fb51-4398-96ec-9a6722d2825f,424213003,Allergy to bee venom
457,1947-04-08,,07092071-fbf1-4e30-a37d-f379ca7e2068,8b58fd89-3681-45ae-8ddf-fe6d9bece2d9,300913006,Shellfish allergy
458,2004-05-08,,8da9b8ed-4b32-471a-abc3-030fa75dd0e5,cb7a82c2-f743-445e-81a1-f1330aa5f31a,91935009,Allergy to peanuts
459,2004-05-08,,8da9b8ed-4b32-471a-abc3-030fa75dd0e5,cb7a82c2-f743-445e-81a1-f1330aa5f31a,300913006,Shellfish allergy
460,2004-05-08,,8da9b8ed-4b32-471a-abc3-030fa75dd0e5,cb7a82c2-f743-445e-81a1-f1330aa5f31a,420174000,Allergy to wheat
461,2004-05-08,,8da9b8ed-4b32-471a-abc3-030fa75dd0e5,cb7a82c2-f743-445e-81a1-f1330aa5f31a,91930004,Allergy to eggs
462,2004-05-08,,8da9b8ed-4b32-471a-abc3-030fa75dd0e5,cb7a82c2-f743-445e-81a1-f1330aa5f31a,419263009,Allergy to tree pollen
463,2004-05-08,,8da9b8ed-4b32-471a-abc3-030fa75dd0e5,cb7a82c2-f743-445e-81a1-f1330aa5f31a,418689008,Allergy to grass pollen
464,2004-05-08,,8da9b8ed-4b32-471a-abc3-030fa75dd0e5,cb7a82c2-f743-445e-81a1-f1330aa5f31a,232347008,Dander (animal) allergy
465,2004-05-08,,8da9b8ed-4b32-471a-abc3-030fa75dd0e5,cb7a82c2-f743-445e-81a1-f1330aa5f31a,232350006,House dust mite allergy
466,2004-05-08,,8da9b8ed-4b32-471a-abc3-030fa75dd0e5,cb7a82c2-f743-445e-81a1-f1330aa5f31a,419474003,Allergy to mould
467,2004-05-08,,8da9b8ed-4b32-471a-abc3-030fa75dd0e5,cb7a82c2-f743-445e-81a1-f1330aa5f31a,300916003,Latex allergy
468,1958-01-23,,edcc4ed4-876f-478d-9cba-e9b1f3bc9484,1aaf85cc-5c32-4091-8b29-9fdbe24491ea,91930004,Allergy to eggs
469,1991-10-28,,1a7d9b7a-2b80-422f-9fd6-f9b69f3d6fac,4cbd5c01-a7ba-464d-98c6-dc9759f8ee0f,300913006,Shellfish allergy
470,1991-10-28,,1a7d9b7a-2b80-422f-9fd6-f9b69f3d6fac,4cbd5c01-a7ba-464d-98c6-dc9759f8ee0f,419474003,Allergy to mould
471,1964-11-17,,7a36dd06-0363-4a3e-9d08-47feb4b2c3ce,ea661a39-ffd4-440a-925b-a7e3d4145516,91934008,Allergy to nut
472,1971-03-15,,b70efe01-ce49-48f5-8297-a6e8646d6a01,28175cca-4a09-4d09-ac6a-3917c15de1b2,419474003,Allergy to mould
473,2014-06-18,,bfa945bd-e93f-4263-a55e-2fafd92eda8c,1114ad80-bac4-47c1-b9fb-60a023396fb1,417532002,Allergy to fish
474,2014-06-18,,bfa945bd-e93f-4263-a55e-2fafd92eda8c,1114ad80-bac4-47c1-b9fb-60a023396fb1,714035009,Allergy to soya
475,2014-06-18,,bfa945bd-e93f-4263-a55e-2fafd92eda8c,1114ad80-bac4-47c1-b9fb-60a023396fb1,419263009,Allergy to tree pollen
476,2014-06-18,,bfa945bd-e93f-4263-a55e-2fafd92eda8c,1114ad80-bac4-47c1-b9fb-60a023396fb1,418689008,Allergy to grass pollen
477,2014-06-18,,bfa945bd-e93f-4263-a55e-2fafd92eda8c,1114ad80-bac4-47c1-b9fb-60a023396fb1,232347008,Dander (animal) allergy
478,2014-06-18,,bfa945bd-e93f-4263-a55e-2fafd92eda8c,1114ad80-bac4-47c1-b9fb-60a023396fb1,232350006,House dust mite allergy
479,2014-06-18,,bfa945bd-e93f-4263-a55e-2fafd92eda8c,1114ad80-bac4-47c1-b9fb-60a023396fb1,419474003,Allergy to mould
480,1925-02-09,,6011abaf-232b-423b-abd2-29e8765d1a5b,aaca9dff-f852-4c74-8bc9-641984d1ac48,91934008,Allergy to nut
481,1925-02-09,,6011abaf-232b-423b-abd2-29e8765d1a5b,aaca9dff-f852-4c74-8bc9-641984d1ac48,232347008,Dander (animal) allergy
482,2001-07-31,,3dfa5b75-d890-4635-9d5c-f04f9543b05c,5fbb39c9-6074-4294-b9f1-ce4c023294ae,300913006,Shellfish allergy
483,2001-07-31,,3dfa5b75-d890-4635-9d5c-f04f9543b05c,5fbb39c9-6074-4294-b9f1-ce4c023294ae,425525006,Allergy to dairy product
484,2001-07-31,,3dfa5b75-d890-4635-9d5c-f04f9543b05c,5fbb39c9-6074-4294-b9f1-ce4c023294ae,419263009,Allergy to tree pollen
485,2001-07-31,,3dfa5b75-d890-4635-9d5c-f04f9543b05c,5fbb39c9-6074-4294-b9f1-ce4c023294ae,232347008,Dander (animal) allergy
486,2001-07-31,,3dfa5b75-d890-4635-9d5c-f04f9543b05c,5fbb39c9-6074-4294-b9f1-ce4c023294ae,232350006,House dust mite allergy
487,2001-07-31,,3dfa5b75-d890-4635-9d5c-f04f9543b05c,5fbb39c9-6074-4294-b9f1-ce4c023294ae,419474003,Allergy to mould
488,1995-02-23,,23373822-718a-428f-aa11-e65d10947576,26cdbf3c-a74e-4933-9b8e-4a856d3edc31,417532002,Allergy to fish
489,1995-02-23,,23373822-718a-428f-aa11-e65d10947576,26cdbf3c-a74e-4933-9b8e-4a856d3edc31,91930004,Allergy to eggs
490,1995-02-23,,23373822-718a-428f-aa11-e65d10947576,26cdbf3c-a74e-4933-9b8e-4a856d3edc31,419263009,Allergy to tree pollen
491,1995-02-23,,23373822-718a-428f-aa11-e65d10947576,26cdbf3c-a74e-4933-9b8e-4a856d3edc31,418689008,Allergy to grass pollen
492,1995-02-23,,23373822-718a-428f-aa11-e65d10947576,26cdbf3c-a74e-4933-9b8e-4a856d3edc31,232347008,Dander (animal) allergy
493,1995-02-23,,23373822-718a-428f-aa11-e65d10947576,26cdbf3c-a74e-4933-9b8e-4a856d3edc31,232350006,House dust mite allergy
494,1995-02-23,,23373822-718a-428f-aa11-e65d10947576,26cdbf3c-a74e-4933-9b8e-4a856d3edc31,419474003,Allergy to mould
495,1995-02-23,,23373822-718a-428f-aa11-e65d10947576,26cdbf3c-a74e-4933-9b8e-4a856d3edc31,424213003,Allergy to bee venom
496,2012-09-03,,1b345dad-e9e7-41c2-8fca-9810b6304f45,c8f0871b-debe-4d4a-937a-9609d465eae8,91935009,Allergy to peanuts
497,2012-09-03,,1b345dad-e9e7-41c2-8fca-9810b6304f45,c8f0871b-debe-4d4a-937a-9609d465eae8,91930004,Allergy to eggs
498,2012-09-03,,1b345dad-e9e7-41c2-8fca-9810b6304f45,c8f0871b-debe-4d4a-937a-9609d465eae8,419263009,Allergy to tree pollen
499,2012-09-03,,1b345dad-e9e7-41c2-8fca-9810b6304f45,c8f0871b-debe-4d4a-937a-9609d465eae8,418689008,Allergy to grass pollen
500,2012-09-03,,1b345dad-e9e7-41c2-8fca-9810b6304f45,c8f0871b-debe-4d4a-937a-9609d465eae8,232347008,Dander (animal) allergy
501,2012-09-03,,1b345dad-e9e7-41c2-8fca-9810b6304f45,c8f0871b-debe-4d4a-937a-9609d465eae8,232350006,House dust mite allergy
502,2012-09-03,,1b345dad-e9e7-41c2-8fca-9810b6304f45,c8f0871b-debe-4d4a-937a-9609d465eae8,419474003,Allergy to mould
503,2009-03-22,2013-05-01,1e2bfd82-4d6f-4978-b34d-486e7ce1b2df,92da401e-a3a2-47a4-9d70-0a0b97d95e82,232347008,Dander (animal) allergy
504,1970-08-10,,3247fb56-d8af-450e-a370-926636c1daa2,933b15ab-b9a4-485e-b20a-043ac71fdd8e,419263009,Allergy to tree pollen
505,1970-08-10,,3247fb56-d8af-450e-a370-926636c1daa2,933b15ab-b9a4-485e-b20a-043ac71fdd8e,418689008,Allergy to grass pollen
506,1970-08-10,,3247fb56-d8af-450e-a370-926636c1daa2,933b15ab-b9a4-485e-b20a-043ac71fdd8e,232347008,Dander (animal) allergy
507,1970-08-10,,3247fb56-d8af-450e-a370-926636c1daa2,933b15ab-b9a4-485e-b20a-043ac71fdd8e,232350006,House dust mite allergy
508,1970-08-10,,3247fb56-d8af-450e-a370-926636c1daa2,933b15ab-b9a4-485e-b20a-043ac71fdd8e,419474003,Allergy to mould
509,1975-10-21,,00341a88-1cc1-4b39-b0f9-05b0531991a0,ddc8a625-07e6-4a02-a616-e0ce07b5f305,232347008,Dander (animal) allergy
510,1975-10-21,,00341a88-1cc1-4b39-b0f9-05b0531991a0,ddc8a625-07e6-4a02-a616-e0ce07b5f305,419474003,Allergy to mould
511,1975-10-21,,00341a88-1cc1-4b39-b0f9-05b0531991a0,ddc8a625-07e6-4a02-a616-e0ce07b5f305,424213003,Allergy to bee venom
512,1975-10-21,,00341a88-1cc1-4b39-b0f9-05b0531991a0,ddc8a625-07e6-4a02-a616-e0ce07b5f305,300916003,Latex allergy
513,1987-05-07,,16abe0cd-862c-4ba7-988f-0cfcf9d73672,b2a7dd5f-9664-4b73-a83a-2728c8a86651,91934008,Allergy to nut
514,1987-05-07,,16abe0cd-862c-4ba7-988f-0cfcf9d73672,b2a7dd5f-9664-4b73-a83a-2728c8a86651,417532002,Allergy to fish
515,1987-05-07,,16abe0cd-862c-4ba7-988f-0cfcf9d73672,b2a7dd5f-9664-4b73-a83a-2728c8a86651,419474003,Allergy to mould
516,2001-09-19,,2bd83e1d-08de-4687-bcd3-736e12cb8e8c,58a5d025-68b1-48a7-a103-1bdfba86f088,417532002,Allergy to fish
517,2001-09-19,,2bd83e1d-08de-4687-bcd3-736e12cb8e8c,58a5d025-68b1-48a7-a103-1bdfba86f088,418689008,Allergy to grass pollen
518,2001-09-19,,2bd83e1d-08de-4687-bcd3-736e12cb8e8c,58a5d025-68b1-48a7-a103-1bdfba86f088,232347008,Dander (animal) allergy
519,2001-09-19,,2bd83e1d-08de-4687-bcd3-736e12cb8e8c,58a5d025-68b1-48a7-a103-1bdfba86f088,232350006,House dust mite allergy
520,2001-09-19,,2bd83e1d-08de-4687-bcd3-736e12cb8e8c,58a5d025-68b1-48a7-a103-1bdfba86f088,419474003,Allergy to mould
521,1978-12-13,,29e6f83b-9c9c-4e83-8220-ac1a6de56086,1fe16f18-2edb-4d08-8a2d-b6e30a3d86be,419474003,Allergy to mould
522,2011-07-17,,10ce96ed-9091-45d4-b57e-677308af7479,50ce4228-12d4-4dc3-8cf7-53762cbfe807,417532002,Allergy to fish
523,2011-07-17,,10ce96ed-9091-45d4-b57e-677308af7479,50ce4228-12d4-4dc3-8cf7-53762cbfe807,300913006,Shellfish allergy
524,2011-07-17,,10ce96ed-9091-45d4-b57e-677308af7479,50ce4228-12d4-4dc3-8cf7-53762cbfe807,91930004,Allergy to eggs
525,2011-07-17,,10ce96ed-9091-45d4-b57e-677308af7479,50ce4228-12d4-4dc3-8cf7-53762cbfe807,419263009,Allergy to tree pollen
526,2011-07-17,,10ce96ed-9091-45d4-b57e-677308af7479,50ce4228-12d4-4dc3-8cf7-53762cbfe807,418689008,Allergy to grass pollen
527,2011-07-17,,10ce96ed-9091-45d4-b57e-677308af7479,50ce4228-12d4-4dc3-8cf7-53762cbfe807,232347008,Dander (animal) allergy
528,2011-07-17,,10ce96ed-9091-45d4-b57e-677308af7479,50ce4228-12d4-4dc3-8cf7-53762cbfe807,232350006,House dust mite allergy
529,2011-07-17,,10ce96ed-9091-45d4-b57e-677308af7479,50ce4228-12d4-4dc3-8cf7-53762cbfe807,419474003,Allergy to mould
530,2011-07-17,,10ce96ed-9091-45d4-b57e-677308af7479,50ce4228-12d4-4dc3-8cf7-53762cbfe807,300916003,Latex allergy
531,1961-05-24,,d08b84b0-560c-487f-a17b-e9c8fb34babf,53b70a66-5715-46fe-b37d-2df28d0303f5,300913006,Shellfish allergy
532,1961-05-24,,d08b84b0-560c-487f-a17b-e9c8fb34babf,53b70a66-5715-46fe-b37d-2df28d0303f5,232347008,Dander (animal) allergy
533,1961-05-24,,d08b84b0-560c-487f-a17b-e9c8fb34babf,53b70a66-5715-46fe-b37d-2df28d0303f5,419474003,Allergy to mould
534,1954-02-12,,fda71445-46ff-4ae8-9b51-48e5006b781d,e6f7a4dd-6699-461d-b77a-f407c141a4bc,300916003,Latex allergy
535,1930-04-27,,0207a4c4-4d49-47bf-93c6-4133376784a2,b70b95bd-5d4d-47fe-87a1-775172fb5564,300913006,Shellfish allergy
536,1925-09-07,,59f6b849-0eb5-4102-9bd2-724bf841a58f,eb382333-3da5-459e-8eb9-98056aa9aa37,424213003,Allergy to bee venom
537,2008-05-04,,f7ccb69b-54e3-4969-9d8c-4f75d481256b,3656b4c2-6fe3-4052-a576-714fc8684fd5,91930004,Allergy to eggs
538,2008-05-04,,f7ccb69b-54e3-4969-9d8c-4f75d481256b,3656b4c2-6fe3-4052-a576-714fc8684fd5,714035009,Allergy to soya
539,2008-05-04,,f7ccb69b-54e3-4969-9d8c-4f75d481256b,3656b4c2-6fe3-4052-a576-714fc8684fd5,419263009,Allergy to tree pollen
540,2008-05-04,,f7ccb69b-54e3-4969-9d8c-4f75d481256b,3656b4c2-6fe3-4052-a576-714fc8684fd5,418689008,Allergy to grass pollen
541,2008-05-04,,f7ccb69b-54e3-4969-9d8c-4f75d481256b,3656b4c2-6fe3-4052-a576-714fc8684fd5,232347008,Dander (animal) allergy
542,2008-05-04,,f7ccb69b-54e3-4969-9d8c-4f75d481256b,3656b4c2-6fe3-4052-a576-714fc8684fd5,232350006,House dust mite allergy
543,2008-05-04,,f7ccb69b-54e3-4969-9d8c-4f75d481256b,3656b4c2-6fe3-4052-a576-714fc8684fd5,419474003,Allergy to mould
544,2008-05-04,,f7ccb69b-54e3-4969-9d8c-4f75d481256b,3656b4c2-6fe3-4052-a576-714fc8684fd5,424213003,Allergy to bee venom
545,1982-01-10,,c4eb8448-28a2-4acd-be5b-a402242bc06e,87cffed0-5e1a-4620-bcea-3f8f66acaee5,91934008,Allergy to nut
546,1982-01-10,,c4eb8448-28a2-4acd-be5b-a402242bc06e,87cffed0-5e1a-4620-bcea-3f8f66acaee5,417532002,Allergy to fish
547,1982-01-10,,c4eb8448-28a2-4acd-be5b-a402242bc06e,87cffed0-5e1a-4620-bcea-3f8f66acaee5,300913006,Shellfish allergy
548,1982-01-10,,c4eb8448-28a2-4acd-be5b-a402242bc06e,87cffed0-5e1a-4620-bcea-3f8f66acaee5,419263009,Allergy to tree pollen
549,1982-01-10,,c4eb8448-28a2-4acd-be5b-a402242bc06e,87cffed0-5e1a-4620-bcea-3f8f66acaee5,418689008,Allergy to grass pollen
550,1982-01-10,,c4eb8448-28a2-4acd-be5b-a402242bc06e,87cffed0-5e1a-4620-bcea-3f8f66acaee5,232347008,Dander (animal) allergy
551,1982-01-10,,c4eb8448-28a2-4acd-be5b-a402242bc06e,87cffed0-5e1a-4620-bcea-3f8f66acaee5,232350006,House dust mite allergy
552,1982-01-10,,c4eb8448-28a2-4acd-be5b-a402242bc06e,87cffed0-5e1a-4620-bcea-3f8f66acaee5,419474003,Allergy to mould
553,1982-01-10,,c4eb8448-28a2-4acd-be5b-a402242bc06e,87cffed0-5e1a-4620-bcea-3f8f66acaee5,424213003,Allergy to bee venom
554,2013-05-21,,fab682c5-4295-4d15-80eb-ce34b148d81f,eef2d571-39a6-4b49-9198-c41fe5e27ee2,425525006,Allergy to dairy product
555,2013-05-21,,fab682c5-4295-4d15-80eb-ce34b148d81f,eef2d571-39a6-4b49-9198-c41fe5e27ee2,419263009,Allergy to tree pollen
556,2013-05-21,,fab682c5-4295-4d15-80eb-ce34b148d81f,eef2d571-39a6-4b49-9198-c41fe5e27ee2,418689008,Allergy to grass pollen
557,2013-05-21,,fab682c5-4295-4d15-80eb-ce34b148d81f,eef2d571-39a6-4b49-9198-c41fe5e27ee2,232347008,Dander (animal) allergy
558,2013-05-21,,fab682c5-4295-4d15-80eb-ce34b148d81f,eef2d571-39a6-4b49-9198-c41fe5e27ee2,232350006,House dust mite allergy
559,2013-05-21,,fab682c5-4295-4d15-80eb-ce34b148d81f,eef2d571-39a6-4b49-9198-c41fe5e27ee2,419474003,Allergy to mould
560,2013-05-21,,fab682c5-4295-4d15-80eb-ce34b148d81f,eef2d571-39a6-4b49-9198-c41fe5e27ee2,300916003,Latex allergy
561,1952-11-08,,0419b689-ddaa-45aa-abdc-64e321cb5c03,095ca717-4c69-4aa5-95f8-d33c4277581c,91934008,Allergy to nut
562,1952-11-08,,0419b689-ddaa-45aa-abdc-64e321cb5c03,095ca717-4c69-4aa5-95f8-d33c4277581c,714035009,Allergy to soya
563,1952-11-08,,0419b689-ddaa-45aa-abdc-64e321cb5c03,095ca717-4c69-4aa5-95f8-d33c4277581c,418689008,Allergy to grass pollen
564,1997-10-10,,7d930372-7a58-4940-ac33-cd6373720f4a,ca9ae5f5-8f5c-4d74-8d1b-9f820d9c60bc,91935009,Allergy to peanuts
565,1997-10-10,2014-12-07,7d930372-7a58-4940-ac33-cd6373720f4a,ca9ae5f5-8f5c-4d74-8d1b-9f820d9c60bc,420174000,Allergy to wheat
566,1997-10-10,2014-12-07,7d930372-7a58-4940-ac33-cd6373720f4a,ca9ae5f5-8f5c-4d74-8d1b-9f820d9c60bc,425525006,Allergy to dairy product
567,1997-10-10,,7d930372-7a58-4940-ac33-cd6373720f4a,ca9ae5f5-8f5c-4d74-8d1b-9f820d9c60bc,418689008,Allergy to grass pollen
568,1997-10-10,,7d930372-7a58-4940-ac33-cd6373720f4a,ca9ae5f5-8f5c-4d74-8d1b-9f820d9c60bc,232347008,Dander (animal) allergy
569,1997-10-10,,7d930372-7a58-4940-ac33-cd6373720f4a,ca9ae5f5-8f5c-4d74-8d1b-9f820d9c60bc,232350006,House dust mite allergy
570,1997-10-10,,7d930372-7a58-4940-ac33-cd6373720f4a,ca9ae5f5-8f5c-4d74-8d1b-9f820d9c60bc,419474003,Allergy to mould
571,1997-10-10,,7d930372-7a58-4940-ac33-cd6373720f4a,ca9ae5f5-8f5c-4d74-8d1b-9f820d9c60bc,424213003,Allergy to bee venom
